lower,upper,cp,gap,assist_09_count,assist_09_auc_gain,assist_09_bacc_gain,assist_17_count,assist_17_auc_gain,assist_17_bacc_gain,junyi_count,junyi_auc_gain,junyi_bacc_gain,auc_wins,bacc_wins,auc_total_gain,bacc_total_gain,weighted_score
0.59,0.76,0.52,-0.2,58,0.03560952118567984,0.0701150009205395,19,0.04670973885559684,0.005954984078553896,110,0.02919121295498707,0.019527316118225203,3,3,0.11151047299626375,0.0955973011173186,0.22622723433704606
0.6,0.76,0.52,-0.25,56,0.04421396637749308,0.07707702638415848,21,0.040353489758759055,-0.0024824272167267777,109,0.02689563915206336,0.020732393566562472,3,2,0.1114630952883155,0.09532699273399417,0.22585548656910848
0.6,0.76,0.52,-0.3,56,0.04421396637749308,0.07707702638415848,21,0.040353489758759055,-0.0024824272167267777,109,0.02689563915206336,0.020732393566562472,3,2,0.1114630952883155,0.09532699273399417,0.22585548656910848
0.6,0.76,0.52,-0.275,56,0.04421396637749308,0.07707702638415848,21,0.040353489758759055,-0.0024824272167267777,109,0.02689563915206336,0.020732393566562472,3,2,0.1114630952883155,0.09532699273399417,0.22585548656910848
0.61,0.76,0.48,-0.2,56,0.04249923376568982,0.07180465563367124,20,0.05326938879022208,-0.00542605542605544,120,0.021842252611928424,0.01691825407103177,3,2,0.11761087516784033,0.08329685427864757,0.2175671003022174
0.61,0.77,0.48,-0.2,59,0.05117856085927078,0.06001662499718383,23,0.049207411908262576,-0.0011881757533931461,131,0.02428504122338935,0.017580051348985132,3,2,0.1246710139909227,0.07640850059277582,0.21636121470225367
0.6,0.77,0.5,-0.2,61,0.045608626420687894,0.06212921504242777,23,0.052268014256042036,-0.0011881757533931461,129,0.023759221289608196,0.016778808218439113,3,2,0.12163586196633813,0.07771984750747374,0.2148996789753066
0.61,0.76,0.5,-0.2,55,0.038320150055180205,0.054031304877364836,19,0.044903920110472,0.005954984078553896,116,0.025234736477730328,0.028147604111832612,3,3,0.10845880664338253,0.08813389306775135,0.21421947832468413
0.59,0.78,0.5,-0.2,68,0.054194270477853565,0.060597905871871485,24,0.05109341172728172,-0.0032996064002737274,142,0.026556260678950394,0.011127559518944743,3,2,0.13184394288408569,0.0684258589905425,0.2139549736727367
0.6,0.76,0.52,-0.225,56,0.04421396637749308,0.07707702638415848,21,0.040353489758759055,-0.0024824272167267777,108,0.01579081616538547,0.017378476825061086,3,2,0.1003582723016376,0.09197307599249277,0.21072596349262893
0.59,0.76,0.52,-0.275,59,0.04995198266473694,0.06578633910434727,21,0.040353489758759055,-0.0024824272167267777,115,0.015762808882579082,0.0233095091229946,3,2,0.10606828130607507,0.08661342101061509,0.21000438651881317
0.59,0.76,0.52,-0.25,59,0.04995198266473694,0.06578633910434727,21,0.040353489758759055,-0.0024824272167267777,115,0.015762808882579082,0.0233095091229946,3,2,0.10606828130607507,0.08661342101061509,0.21000438651881317
0.59,0.76,0.52,-0.3,59,0.04995198266473694,0.06578633910434727,21,0.040353489758759055,-0.0024824272167267777,115,0.015762808882579082,0.0233095091229946,3,2,0.10606828130607507,0.08661342101061509,0.21000438651881317
0.6,0.76,0.48,-0.2,60,0.042983387069035234,0.06412689676578569,21,0.046642036649108876,-0.0024824272167267777,122,0.02291725303448696,0.019040338608777053,3,2,0.11254267675263108,0.08068480815783596,0.20936444654203423
0.6,0.76,0.5,-0.2,58,0.03906760696284774,0.0657641696718424,20,0.05513338898755562,-0.00542605542605544,118,0.018928829336450508,0.0198515178697493,3,2,0.11312982528685386,0.08018963211553626,0.20935738382549737
0.59,0.76,0.52,-0.225,59,0.04995198266473694,0.06578633910434727,21,0.040353489758759055,-0.0024824272167267777,114,0.016756198509887903,0.021389052412718143,3,2,0.1070616709333839,0.08469296430033864,0.20869322809379026
0.59,0.76,0.48,-0.225,68,0.05789895263604797,0.06349605698091798,23,0.045255081798875184,-0.0011881757533931461,134,0.014378068881091728,0.011630508099180398,3,2,0.11753210331601488,0.07393838932670524,0.20625817050806117
0.59,0.76,0.48,-0.25,71,0.04767768412233033,0.052677991013657305,23,0.045255081798875184,-0.0011881757533931461,142,0.022053575575663356,0.023635570129603094,3,2,0.11498634149686887,0.07512538538986725,0.20513680396470957
0.6,0.76,0.48,-0.225,65,0.04056680543654438,0.06039139646720659,23,0.045255081798875184,-0.0011881757533931461,128,0.016967058059780563,0.02509814638221851,3,2,0.10278894529520012,0.08430136709603195,0.20395058581043846
0.62,0.78,0.5,-0.225,62,0.05511099878830708,0.05376241813364983,25,0.046409668533396876,-0.0032210998877665736,140,0.02525316087603509,0.013645745788602968,3,2,0.12677382819773902,0.06418706403448622,0.2037983050391225
0.63,0.76,0.5,-0.25,56,0.05623351997480386,0.057160012912008645,21,0.04341454215007086,-0.0024824272167267777,118,0.017400244946565134,0.017032962615845762,3,2,0.11704830707143984,0.07171054831112764,0.20310096504479302
0.59,0.77,0.5,-0.2,64,0.04746471389075018,0.061691673405873025,23,0.052268014256042036,-0.0011881757533931461,135,0.018773662267185055,0.009815341230790878,3,2,0.11850639041397726,0.07031883888327076,0.20288899707390218
0.61,0.77,0.5,-0.225,62,0.05546774123842138,0.05499901128010361,24,0.042648019386771985,-0.0032996064002737274,134,0.022456976725677022,0.015992635480617558,3,2,0.12057273735087039,0.06769204036044743,0.2018031857834073
0.61,0.76,0.5,-0.225,59,0.05217676712914799,0.056149200402747644,21,0.04341454215007086,-0.0024824272167267777,122,0.01915255247575385,0.017196409272635736,3,2,0.1147438617549727,0.07086318245865661,0.19977968070536062
0.59,0.76,0.5,-0.25,67,0.060937853926957525,0.06090574994423325,22,0.032726874889884294,-0.0036254454357902838,135,0.01887820098009394,0.01534982964409689,3,2,0.11254292979693575,0.07263013415253985,0.19969909077998357
0.61,0.78,0.48,-0.2,63,0.04541962464048083,0.0485774565810286,24,0.04863445203863658,-0.0032996064002737274,138,0.02829818718546477,0.018931926320467668,3,2,0.12235226386458219,0.06420977650122253,0.19940399566604922
0.59,0.76,0.5,-0.225,65,0.04536332504299499,0.06400918460994102,22,0.032726874889884294,-0.0036254454357902838,130,0.020095141179953722,0.02396478165708931,3,2,0.098185341112833,0.08434852083124006,0.19940356611032106
0.62,0.76,0.48,-0.275,61,0.05880098282979972,0.050710353097512685,23,0.043241265840509795,-0.0011881757533931461,134,0.017771145453813503,0.016179952417188448,3,2,0.11981339412412301,0.06570212976130799,0.19865594983769258
0.62,0.76,0.48,-0.3,61,0.05880098282979972,0.050710353097512685,23,0.043241265840509795,-0.0011881757533931461,134,0.017771145453813503,0.016179952417188448,3,2,0.11981339412412301,0.06570212976130799,0.19865594983769258
0.6,0.78,0.48,-0.2,67,0.041947852938889085,0.059051310301479136,25,0.042774273759667296,-0.0032210998877665736,140,0.024661247120856003,0.01784379641522503,3,2,0.10938337381941239,0.0736740068289376,0.1977921820141375
0.59,0.77,0.52,-0.25,62,0.041186340173340295,0.056564252190164366,24,0.04072333510109663,-0.0032996064002737274,128,0.01601465926398251,0.02982159501115881,3,2,0.09792433453841945,0.08308624080104945,0.19762782349967878
0.59,0.77,0.52,-0.275,62,0.041186340173340295,0.056564252190164366,24,0.04072333510109663,-0.0032996064002737274,128,0.01601465926398251,0.02982159501115881,3,2,0.09792433453841945,0.08308624080104945,0.19762782349967878
0.59,0.77,0.52,-0.3,62,0.041186340173340295,0.056564252190164366,24,0.04072333510109663,-0.0032996064002737274,128,0.01601465926398251,0.02982159501115881,3,2,0.09792433453841945,0.08308624080104945,0.19762782349967878
0.6,0.78,0.48,-0.225,72,0.04633521221087268,0.06380768850408779,27,0.037091952430646384,0.00498787477954149,149,0.019133324657039125,0.010096283819609773,3,3,0.10256048929855818,0.07889184710323904,0.19723070582244503
0.6,0.77,0.52,-0.3,59,0.04537805019577326,0.05259848785597676,24,0.04072333510109663,-0.0032996064002737274,122,0.026322579470562005,0.0207368351949606,3,2,0.1124239647674319,0.07003571665066363,0.19646682474822824
0.6,0.77,0.52,-0.275,59,0.04537805019577326,0.05259848785597676,24,0.04072333510109663,-0.0032996064002737274,122,0.026322579470562005,0.0207368351949606,3,2,0.1124239647674319,0.07003571665066363,0.19646682474822824
0.6,0.77,0.52,-0.25,59,0.04537805019577326,0.05259848785597676,24,0.04072333510109663,-0.0032996064002737274,122,0.026322579470562005,0.0207368351949606,3,2,0.1124239647674319,0.07003571665066363,0.19646682474822824
0.6,0.79,0.5,-0.2,69,0.0501796926625938,0.04989729585821192,26,0.03542131637677357,0.0021368919491016533,146,0.028523874979056563,0.016408233021794505,3,3,0.11412488401842394,0.06844242082910808,0.1962557890133536
0.63,0.76,0.5,-0.3,56,0.05623351997480386,0.057160012912008645,21,0.04341454215007086,-0.0024824272167267777,119,0.01587098379572667,0.01251685414086226,3,2,0.11551904592060139,0.06719443983614412,0.19615237372397432
0.63,0.76,0.5,-0.275,56,0.05623351997480386,0.057160012912008645,21,0.04341454215007086,-0.0024824272167267777,119,0.01587098379572667,0.01251685414086226,3,2,0.11551904592060139,0.06719443983614412,0.19615237372397432
0.59,0.76,0.48,-0.2,63,0.04077429488687845,0.06240198866866276,21,0.046642036649108876,-0.0024824272167267777,128,0.019285267244337538,0.014501061180631943,3,2,0.10670159878032487,0.07442062263256793,0.19600634593940638
0.6,0.77,0.5,-0.225,65,0.04817568360460102,0.059019429279540944,25,0.046914262258848725,-0.0032210998877665736,136,0.016818526834311953,0.01395018526078974,3,2,0.11190847269776169,0.06974851465256411,0.1956066902808386
0.62,0.78,0.48,-0.2,59,0.04902752755504779,0.047391833101815765,24,0.04863445203863658,-0.0032996064002737274,134,0.02342085695640992,0.017726427203252224,3,2,0.12108283655009427,0.06181865390479426,0.19526522123584739
0.62,0.78,0.48,-0.225,64,0.04908884309923947,0.05150858353301746,26,0.032755614472528685,0.0021368919491016533,143,0.02772639448823736,0.017633875036431844,3,3,0.10957085206000552,0.07127935051855096,0.19510607268226665
0.63,0.78,0.5,-0.225,61,0.06395409594279303,0.05535973459502038,25,0.046409668533396876,-0.0032210998877665736,134,0.011283463210309548,0.00906588415265646,3,2,0.12164722768649944,0.06120451885991027,0.19509265031839174
0.59,0.76,0.5,-0.3,67,0.060937853926957525,0.06090574994423325,22,0.032726874889884294,-0.0036254454357902838,136,0.015399398865872979,0.01355321456091467,3,2,0.1090641276827148,0.07083351906935764,0.19406435056594395
0.59,0.76,0.5,-0.275,67,0.060937853926957525,0.06090574994423325,22,0.032726874889884294,-0.0036254454357902838,136,0.015399398865872979,0.01355321456091467,3,2,0.1090641276827148,0.07083351906935764,0.19406435056594395
0.59,0.78,0.5,-0.225,72,0.05292588976003676,0.05281031135198993,26,0.03255409993542165,0.0021368919491016533,151,0.023763155662629452,0.015587246998856878,3,3,0.10924314535808788,0.07053445029994845,0.19388448571802602
0.61,0.78,0.5,-0.25,68,0.06735005030508312,0.06305032271768131,26,0.020345264555428524,0.0021368919491016533,156,0.01822143237557787,0.008030641712430411,3,3,0.10591674723608951,0.07321785637921337,0.19377817489114557
0.59,0.76,0.5,-0.2,61,0.03701022827837698,0.05337831755739387,20,0.05513338898755562,-0.00542605542605544,124,0.022341547384144088,0.01806857654944779,3,2,0.11448516465007669,0.06602083868078622,0.19371017106702015
0.61,0.77,0.48,-0.225,64,0.04558969293259123,0.05249928004774727,25,0.04556390273866819,-0.0032210998877665736,138,0.023886004125473537,0.015668811159635795,3,2,0.11503959979673295,0.06494699131961648,0.19297598938027272
0.61,0.78,0.48,-0.225,68,0.05297637846360749,0.05237643124128398,26,0.032755614472528685,0.0021368919491016533,147,0.027089907007722056,0.012012404330787235,3,3,0.11282189994385823,0.06652572752117286,0.19265277296926567
0.63,0.78,0.48,-0.225,62,0.06037858399940861,0.055909082618182254,25,0.046409668533396876,-0.0032210998877665736,137,0.013151977348750545,0.007568060970281856,3,2,0.11994022988155603,0.06025604370069754,0.19224748232239308
0.62,0.76,0.48,-0.225,57,0.05262130088138921,0.062117719399430636,22,0.03051728569623033,-0.0036254454357902838,122,0.016326008782143714,0.018516632537704587,3,2,0.09946459535976325,0.07700890650134494,0.19187528316137717
0.6,0.76,0.48,-0.25,68,0.04458190509649027,0.06072315114578275,23,0.045255081798875184,-0.0011881757533931461,136,0.01212444948778147,0.014433088532663597,3,2,0.10196143638314692,0.0739680639250532,0.19072311309321077
0.62,0.77,0.48,-0.225,60,0.05188754832273358,0.049916595749929106,25,0.04556390273866819,-0.0032210998877665736,134,0.02040749999507479,0.013495073354133379,3,2,0.11785895105647656,0.06019056921629591,0.19008763411603163
0.6,0.76,0.52,-0.2,55,0.03901260501981073,0.06318408178420713,19,0.04670973885559684,0.005954984078553896,104,0.010088750369938372,0.008579874037780037,3,3,0.09581109424534592,0.07771893990054107,0.18907382212599522
0.62,0.76,0.5,-0.275,57,0.05436645702270421,0.048221600780828086,21,0.04341454215007086,-0.0024824272167267777,125,0.01936749274561219,0.013946110762185944,3,2,0.11714849191838725,0.05968528432628725,0.18877083310993195
0.62,0.76,0.5,-0.3,57,0.05436645702270421,0.048221600780828086,21,0.04341454215007086,-0.0024824272167267777,125,0.01936749274561219,0.013946110762185944,3,2,0.11714849191838725,0.05968528432628725,0.18877083310993195
0.6,0.78,0.5,-0.2,65,0.039783710138065975,0.05227628078406727,24,0.05109341172728172,-0.0032996064002737274,136,0.026349337615151847,0.010111965123879893,3,2,0.11722645948049953,0.059088639507673436,0.18813282688970767
0.61,0.76,0.52,-0.2,52,0.04536657291824543,0.06384474064681286,18,0.03327442708481358,-0.0015407700190308501,102,0.018049169345158364,0.013657503421704242,3,2,0.09669016934821738,0.07596147404948625,0.18784393820760087
0.62,0.77,0.5,-0.225,58,0.05330974803979199,0.04671747291241663,24,0.042648019386771985,-0.0032996064002737274,131,0.020262777800186302,0.016159827294554993,3,2,0.11622054522675028,0.0595776938066979,0.18771377779478776
0.61,0.77,0.52,-0.25,56,0.048918694697583226,0.061326044869458,23,0.03394207816151743,-0.0011881757533931461,120,0.014193549398989244,0.01455047010602565,3,2,0.0970543222580899,0.0746883392220905,0.1866803293245985
0.61,0.77,0.52,-0.275,56,0.048918694697583226,0.061326044869458,23,0.03394207816151743,-0.0011881757533931461,120,0.014193549398989244,0.01455047010602565,3,2,0.0970543222580899,0.0746883392220905,0.1866803293245985
0.61,0.77,0.52,-0.3,56,0.048918694697583226,0.061326044869458,23,0.03394207816151743,-0.0011881757533931461,120,0.014193549398989244,0.01455047010602565,3,2,0.0970543222580899,0.0746883392220905,0.1866803293245985
0.59,0.77,0.5,-0.225,68,0.03927710179172716,0.0551101049314215,25,0.046914262258848725,-0.0032210998877665736,142,0.017042289724470576,0.017616600395079243,3,2,0.10323365377504645,0.06950560543873417,0.18664038030152746
0.59,0.77,0.48,-0.2,66,0.04489718434437599,0.053278858282310666,24,0.04527371596367253,-0.0032996064002737274,139,0.020503826369674516,0.013317067903326367,3,2,0.11067472667772305,0.0632963197853633,0.186630310420159
0.62,0.76,0.5,-0.25,57,0.05436645702270421,0.048221600780828086,21,0.04341454215007086,-0.0024824272167267777,124,0.013965730253114317,0.01620087974752498,3,2,0.11174672942588938,0.06194005331162629,0.18607479339984093
0.6,0.77,0.5,-0.275,67,0.04128037431117989,0.05985557659244736,25,0.046914262258848725,-0.0032210998877665736,147,0.01757465157905346,0.00972097148379883,3,2,0.10576928814908207,0.06635544818847962,0.1853958259752576
0.6,0.77,0.5,-0.3,67,0.04128037431117989,0.05985557659244736,25,0.046914262258848725,-0.0032210998877665736,147,0.01757465157905346,0.00972097148379883,3,2,0.10576928814908207,0.06635544818847962,0.1853958259752576
0.62,0.76,0.48,-0.2,52,0.037802650538210275,0.054200415910157826,20,0.05326938879022208,-0.00542605542605544,116,0.013772579513557592,0.018326437278667944,3,2,0.10484461884198995,0.06710079776277034,0.18536557615731436
0.59,0.77,0.52,-0.2,61,0.04849876584343856,0.0642803757250407,22,0.03601145724317098,-0.0036254454357902838,121,0.01353030141939935,0.01190734382799731,3,2,0.09804052450600889,0.07256227411724772,0.18511525344670615
0.62,0.76,0.5,-0.2,51,0.028973132160594862,0.052129044042594136,19,0.044903920110472,0.005954984078553896,113,0.0187286618929612,0.018710939041558967,3,3,0.09260571416402806,0.076794967162707,0.18475967475927646
0.62,0.77,0.48,-0.2,55,0.03300505947444207,0.05084720672097391,23,0.049207411908262576,-0.0011881757533931461,127,0.021095460865060138,0.017481418508670528,3,2,0.1033079322477648,0.0671404494762513,0.18387647161926635
0.59,0.78,0.48,-0.225,75,0.03344850580738229,0.04694744856885009,27,0.037091952430646384,0.00498787477954149,155,0.02807230912182384,0.01883214987938444,3,3,0.09861276735985253,0.07076747322777602,0.18353373523318373
0.61,0.77,0.52,-0.225,56,0.048918694697583226,0.061326044869458,23,0.03394207816151743,-0.0011881757533931461,118,0.013180239181096606,0.012652148319754204,3,2,0.09604101204019726,0.07279001743581906,0.18338903296318013
0.61,0.77,0.5,-0.2,58,0.041065619946367746,0.05393855731999542,22,0.034143470311181964,-0.0036254454357902838,127,0.019855532690940127,0.022953243906638825,3,2,0.09506462294848983,0.07326635579084395,0.18298424989750256
0.6,0.77,0.48,-0.225,68,0.03754847896018936,0.05447876580975627,26,0.032124089564206246,0.0021368919491016533,140,0.024371771856890857,0.01728328990233758,3,3,0.09404434038128645,0.07389894766119551,0.18272307757472106
0.6,0.79,0.5,-0.225,73,0.04281077384610354,0.05462343914652443,30,0.0332937844048955,0.0009043425710092562,158,0.023445037039381722,0.013349397768935525,3,3,0.09954959529038077,0.06887717948646921,0.18220221067414383
0.61,0.77,0.48,-0.25,67,0.0453058225271015,0.05073984758445647,25,0.04556390273866819,-0.0032210998877665736,149,0.019817181151549068,0.01198482442274687,3,2,0.11068690641731876,0.059503572119436764,0.18209119296064288
0.61,0.76,0.5,-0.25,61,0.04341653190882455,0.04705674169001635,21,0.04341454215007086,-0.0024824272167267777,127,0.014370350548035059,0.022774957322814288,3,2,0.10120142460693046,0.06734927179610387,0.1820205507622551
0.61,0.78,0.52,-0.2,59,0.05453673632767459,0.04715665088789622,22,0.03367498972253419,-0.0036254454357902838,120,0.023579078778731652,0.014661919870253178,3,2,0.11179080482894042,0.05819312532235912,0.18162255521577136
0.6,0.77,0.48,-0.2,63,0.03170898933424721,0.05695347068679655,24,0.04527371596367253,-0.0032996064002737274,133,0.021868882195508588,0.015188123654940995,3,2,0.09885158749342833,0.06884198794146382,0.1814619730231849
0.6,0.77,0.5,-0.25,67,0.04128037431117989,0.05985557659244736,25,0.046914262258848725,-0.0032210998877665736,144,0.014149377929275724,0.008829014550162467,3,2,0.10234401449930433,0.06546349125484326,0.18090020400511625
0.61,0.8,0.48,-0.2,72,0.05076403342052783,0.06338942852539504,32,0.01341314984903351,0.0008362921191868503,158,0.023357187879805473,0.01338758621106062,3,3,0.08753437114936682,0.07761330685564252,0.18067033937613786
0.62,0.77,0.48,-0.275,64,0.05457866643920524,0.04649956128180129,26,0.03264147317565804,0.0021368919491016533,151,0.013763424255568223,0.01744680315921221,3,3,0.1009835638704315,0.06608325639011516,0.1802834715385697
0.62,0.76,0.48,-0.25,60,0.052609304704212184,0.04784497909497911,22,0.03051728569623033,-0.0036254454357902838,130,0.017234695503926256,0.022079617912951266,3,2,0.10036128590436877,0.06629915157214009,0.17992026779093687
0.63,0.77,0.5,-0.225,57,0.05502048584698846,0.05225661381436045,24,0.042648019386771985,-0.0032996064002737274,125,0.019409009806038213,0.0033642839670983277,3,2,0.11707751503979866,0.05232129138118505,0.17986306469722071
0.59,0.77,0.52,-0.225,62,0.041186340173340295,0.056564252190164366,24,0.04072333510109663,-0.0032996064002737274,126,0.01911803382739309,0.012187148755044612,3,2,0.10102770910183002,0.06545179454493524,0.1795698625557523
0.59,0.78,0.48,-0.2,70,0.03589041344143394,0.04758396365539222,25,0.042774273759667296,-0.0032210998877665736,146,0.028723825604320477,0.01569851130156706,3,2,0.10738851280542171,0.06006137506919271,0.17946216288845296
0.61,0.76,0.48,-0.25,64,0.051092154115408475,0.049512810021515745,22,0.03051728569623033,-0.0036254454357902838,134,0.017346311989803347,0.020999372907652004,3,2,0.09895575180144214,0.06688673749337747,0.1792198367934951
0.63,0.78,0.48,-0.2,57,0.04189615562085874,0.04648939677712057,23,0.05107469585887989,-0.0011881757533931461,128,0.015574946127378538,0.01345645142695534,3,2,0.10854579760711716,0.058757672450682766,0.1790550045479365
0.62,0.77,0.48,-0.3,64,0.05457866643920524,0.04649956128180129,26,0.03264147317565804,0.0021368919491016533,152,0.01675449912391467,0.013743443850376465,3,3,0.10397463873877794,0.06237989708127941,0.17883051523631321
0.62,0.76,0.5,-0.225,55,0.041346767717615765,0.048375195371929886,21,0.04341454215007086,-0.0024824272167267777,119,0.017319129754685476,0.017123729017035565,3,2,0.1020804396223721,0.06301649717223867,0.1777002362290585
0.61,0.76,0.5,-0.275,61,0.04341653190882455,0.04705674169001635,21,0.04341454215007086,-0.0024824272167267777,128,0.017756616139695744,0.016268642156975717,3,2,0.10458769019859115,0.06084295663026529,0.1775992381549095
0.61,0.76,0.5,-0.3,61,0.04341653190882455,0.04705674169001635,21,0.04341454215007086,-0.0024824272167267777,128,0.017756616139695744,0.016268642156975717,3,2,0.10458769019859115,0.06084295663026529,0.1775992381549095
0.63,0.78,0.5,-0.2,57,0.04189615562085874,0.04648939677712057,23,0.05107469585887989,-0.0011881757533931461,125,0.019059459443284785,0.009298229041287208,3,2,0.11203031092302342,0.05459945006501463,0.17754965100104098
0.61,0.78,0.5,-0.2,62,0.04350443194545697,0.041750708577129196,23,0.05107469585887989,-0.0011881757533931461,134,0.01912437135288257,0.01251671563389705,3,2,0.11370349915721943,0.0530792484576331,0.17739859730637914
0.59,0.77,0.48,-0.275,75,0.041059156813012726,0.057794596142006154,27,0.033021466326372095,0.00498787477954149,163,0.01543654970658067,0.010259679207873948,3,3,0.0895171728459655,0.0730421501294216,0.1771677530012714
0.61,0.78,0.5,-0.225,66,0.048428250641046916,0.04224479589478966,25,0.046409668533396876,-0.0032210998877665736,143,0.02320749433549317,0.010234639054924527,3,2,0.11804541350993696,0.049258335061947614,0.17715541558427408
0.6,0.78,0.5,-0.225,69,0.0473891567470031,0.037852533907488946,26,0.03255409993542165,0.0021368919491016533,145,0.0327416241126561,0.013596264370696151,3,3,0.11268488079508085,0.05358569022728675,0.17698770906782496
0.62,0.78,0.5,-0.2,58,0.03426129087312792,0.037023480050788815,23,0.05107469585887989,-0.0011881757533931461,131,0.028818446563591914,0.016186172603431193,3,2,0.11415443329559971,0.05202147690082686,0.17658020557659193
0.6,0.77,0.48,-0.3,72,0.03795756421135499,0.04931422902679962,27,0.033021466326372095,0.00498787477954149,158,0.018995533560808887,0.017740048561950418,3,3,0.08997456409853596,0.07204215236829153,0.1764251469404858
0.59,0.76,0.48,-0.275,72,0.04320797532230153,0.050636624235589234,24,0.043444143544185916,-0.0032996064002737274,146,0.015588568332308816,0.014206484461603532,3,2,0.10224068719879625,0.06154350229691904,0.17609288995509909
0.59,0.76,0.48,-0.3,72,0.04320797532230153,0.050636624235589234,24,0.043444143544185916,-0.0032996064002737274,146,0.015588568332308816,0.014206484461603532,3,2,0.10224068719879625,0.06154350229691904,0.17609288995509909
0.6,0.76,0.5,-0.225,62,0.04455916414287968,0.06010244410269659,22,0.032726874889884294,-0.0036254454357902838,124,0.008542489174711808,0.0186954990108565,3,2,0.08582852820747577,0.07517249767776281,0.17603552542079115
0.63,0.76,0.48,-0.25,58,0.04538711612325096,0.04329315227507902,21,0.04341454215007086,-0.0024824272167267777,124,0.020293311150919938,0.014618483147939468,3,2,0.10909496942424175,0.05542920820629171,0.17561001927179182
0.61,0.77,0.5,-0.275,64,0.04393290248874492,0.04559851017279361,24,0.042648019386771985,-0.0032996064002737274,145,0.02031606639816677,0.01473256858629636,3,2,0.10689698827368369,0.05703147235881624,0.17533475510426316
0.61,0.77,0.5,-0.3,64,0.04393290248874492,0.04559851017279361,24,0.042648019386771985,-0.0032996064002737274,145,0.02031606639816677,0.01473256858629636,3,2,0.10689698827368369,0.05703147235881624,0.17533475510426316
0.63,0.76,0.48,-0.225,55,0.0469190340809774,0.05058216940988985,21,0.04341454215007086,-0.0024824272167267777,116,0.011928012535441526,0.012643544378481343,3,2,0.10226158876648979,0.06074328657164441,0.17515353265246308
0.59,0.77,0.48,-0.3,75,0.041059156813012726,0.057794596142006154,27,0.033021466326372095,0.00498787477954149,164,0.013394786312952357,0.010161872219162649,3,3,0.08747540945233717,0.0729443431407103,0.17500862122118954
0.61,0.76,0.48,-0.275,65,0.04863448036660442,0.04865849264133284,23,0.043241265840509795,-0.0011881757533931461,138,0.01582658549880471,0.008517217029637925,3,2,0.10770233170591893,0.05598753391757762,0.17488737240701208
0.61,0.76,0.48,-0.3,65,0.04863448036660442,0.04865849264133284,23,0.043241265840509795,-0.0011881757533931461,138,0.01582658549880471,0.008517217029637925,3,2,0.10770233170591893,0.05598753391757762,0.17488737240701208
0.59,0.78,0.5,-0.25,74,0.04139253813422554,0.05641506380360655,27,0.016251696315861347,0.00498787477954149,164,0.01900340960726213,0.020289423652831276,3,3,0.07664764405734902,0.08169236223597931,0.17467847874052417
0.6,0.77,0.52,-0.225,59,0.04537805019577326,0.05259848785597676,24,0.04072333510109663,-0.0032996064002737274,120,0.01197684452892786,0.013374408513297346,3,2,0.09807822982579775,0.06267328996900037,0.1732861777885982
0.6,0.8,0.5,-0.2,74,0.04874695240225051,0.04881731761076631,32,0.01417004788289955,0.0008362921191868503,156,0.02992913763543316,0.01677697740285263,3,3,0.09284613792058322,0.0664305871328058,0.17256284247995018
0.61,0.77,0.52,-0.2,55,0.03856440623984786,0.05321662113643512,21,0.028531379931505653,-0.0024824272167267777,113,0.028456642619576908,0.012823929453176869,3,2,0.09555242879093041,0.06355812337288522,0.17182217683839268
0.59,0.78,0.52,-0.2,65,0.03680613226227025,0.04499523645934174,23,0.049613693268387736,-0.0011881757533931461,128,0.018825513783865502,0.011399534240282852,3,2,0.1052453393145235,0.055206594946231445,0.17149325325000123
0.63,0.76,0.48,-0.2,50,0.03599160715827382,0.04184417434417434,19,0.044903920110472,0.005954984078553896,110,0.02007716686435699,0.010826841508659833,3,3,0.10097269413310281,0.05862599993138807,0.17132389405076848
0.63,0.78,0.48,-0.275,68,0.05482347421091212,0.05010635024395213,27,0.015976115310098418,0.00498787477954149,160,0.02227016641730182,0.010091663737497043,3,3,0.09306975593831235,0.06518588876099066,0.17129282245150113
0.63,0.76,0.5,-0.2,50,0.03599160715827382,0.04184417434417434,19,0.044903920110472,0.005954984078553896,107,0.016138951167367653,0.014057289431453443,3,3,0.09703447843611349,0.06185644785418168,0.1712622158611315
0.63,0.77,0.52,-0.3,52,0.04307379007323424,0.04889022045654595,23,0.03394207816151743,-0.0011881757533931461,112,0.024183896939700536,0.010558480611930952,3,2,0.10119976517445221,0.05826052531508376,0.17111239555255273
0.63,0.77,0.52,-0.275,52,0.04307379007323424,0.04889022045654595,23,0.03394207816151743,-0.0011881757533931461,112,0.024183896939700536,0.010558480611930952,3,2,0.10119976517445221,0.05826052531508376,0.17111239555255273
0.63,0.77,0.52,-0.25,52,0.04307379007323424,0.04889022045654595,23,0.03394207816151743,-0.0011881757533931461,112,0.024183896939700536,0.010558480611930952,3,2,0.10119976517445221,0.05826052531508376,0.17111239555255273
0.59,0.77,0.48,-0.25,74,0.03888920213460064,0.05280008764804761,26,0.032124089564206246,0.0021368919491016533,157,0.017082619552418216,0.013583916825777552,3,3,0.0880959112512251,0.06852089642292682,0.17032098695873726
0.6,0.76,0.48,-0.3,69,0.046283642217785734,0.04242483444041839,24,0.043444143544185916,-0.0032996064002737274,140,0.016499116120714842,0.013976411595459287,3,2,0.10622690188268649,0.05310163963560395,0.1699488694454112
0.6,0.76,0.48,-0.275,69,0.046283642217785734,0.04242483444041839,24,0.043444143544185916,-0.0032996064002737274,140,0.016499116120714842,0.013976411595459287,3,2,0.10622690188268649,0.05310163963560395,0.1699488694454112
0.6,0.77,0.48,-0.275,72,0.03795756421135499,0.04931422902679962,27,0.033021466326372095,0.00498787477954149,157,0.017830912448754357,0.01327644939559304,3,3,0.08880994298648144,0.06757855320193415,0.16990420682880242
0.59,0.78,0.52,-0.225,66,0.04003292671461482,0.04517259662501927,25,0.04167452071151984,-0.0032210998877665736,135,0.02242912397874021,0.012841997062977555,3,2,0.10413657140487488,0.05479349380023025,0.16988876396515118
0.63,0.77,0.48,-0.225,58,0.04617406810057633,0.04478104128848501,24,0.042648019386771985,-0.0032996064002737274,128,0.01735125268639494,0.011346213477567174,3,2,0.10617334017374326,0.052827648365778454,0.1695665182126774
0.59,0.78,0.48,-0.25,78,0.032760432582959735,0.04106680927760801,28,0.031819198190843626,-4.85722573273506e-17,171,0.02324960909959739,0.02704484498804747,3,2,0.08782923987340074,0.06811165426565544,0.16956322499218726
0.62,0.77,0.52,-0.3,53,0.04699782497661692,0.04541198681724233,23,0.03394207816151743,-0.0011881757533931461,118,0.016645691769747693,0.015654457531612112,3,2,0.09758559490788205,0.0598782685954613,0.1694395172224356
0.62,0.77,0.52,-0.25,53,0.04699782497661692,0.04541198681724233,23,0.03394207816151743,-0.0011881757533931461,118,0.016645691769747693,0.015654457531612112,3,2,0.09758559490788205,0.0598782685954613,0.1694395172224356
0.62,0.77,0.52,-0.275,53,0.04699782497661692,0.04541198681724233,23,0.03394207816151743,-0.0011881757533931461,118,0.016645691769747693,0.015654457531612112,3,2,0.09758559490788205,0.0598782685954613,0.1694395172224356
0.6,0.78,0.5,-0.25,71,0.04856670357732248,0.05528778946417514,27,0.016251696315861347,0.00498787477954149,158,0.017796114584470696,0.011951149211019932,3,3,0.08261451447765453,0.07222681345473655,0.1692866906233384
0.63,0.77,0.5,-0.2,53,0.05132891434709541,0.04547456059877919,22,0.034143470311181964,-0.0036254454357902838,118,0.016694046501532216,0.013893425022984754,3,2,0.10216643115980958,0.05574254018597366,0.169057479382978
0.63,0.76,0.48,-0.275,59,0.060180679258257416,0.0416214896233286,22,0.027241554886539295,-0.0036254454357902838,128,0.016890434647770507,0.01590158667852997,3,2,0.10431266879256723,0.05389763086606829,0.16898982583184918
0.63,0.76,0.48,-0.3,59,0.060180679258257416,0.0416214896233286,22,0.027241554886539295,-0.0036254454357902838,128,0.016890434647770507,0.01590158667852997,3,2,0.10431266879256723,0.05389763086606829,0.16898982583184918
0.61,0.79,0.5,-0.2,66,0.04398514211565814,0.04431988740211472,25,0.02063475734899438,-0.0032210998877665736,144,0.03988714366599699,0.012255997760208498,3,2,0.10450704313064951,0.05335478527455664,0.16853278546011746
0.61,0.78,0.52,-0.225,60,0.045270190200745825,0.04061049547160658,24,0.035745985092491966,-0.0032996064002737274,127,0.022419565324545636,0.01678337853978503,3,2,0.10343574061778343,0.05409426761111788,0.1683488617511249
0.6,0.76,0.5,-0.25,64,0.038350058823953315,0.05270081837917585,22,0.032726874889884294,-0.0036254454357902838,129,0.02026633991051563,0.014960672927339588,3,2,0.09134327362435324,0.06403604587072514,0.1681865286692234
0.62,0.77,0.52,-0.225,53,0.04699782497661692,0.04541198681724233,23,0.03394207816151743,-0.0011881757533931461,116,0.020078389264749676,0.011646492557572503,3,2,0.10101829240288401,0.05587030362142169,0.16806265674859006
0.62,0.77,0.5,-0.25,60,0.045755437121177925,0.03868148312592756,24,0.042648019386771985,-0.0032996064002737274,139,0.019281853413057534,0.01390316925046605,3,2,0.10768530992100744,0.049285045976119886,0.1668273650923513
0.61,0.77,0.48,-0.275,68,0.04426846163137596,0.0381769924234703,26,0.03264147317565804,0.0021368919491016533,155,0.022907724519315366,0.015058108469403107,3,3,0.09981765932634937,0.05537199284197506,0.16626405073671943
0.63,0.77,0.5,-0.25,59,0.053707167812669654,0.039564918359103834,24,0.042648019386771985,-0.0032996064002737274,133,0.011644136039017823,0.01190599261763313,3,2,0.10799932323845945,0.048171304576463236,0.16580488873021534
0.61,0.79,0.48,-0.2,67,0.03872340591529031,0.04065015355060299,26,0.03460695380379248,0.0021368919491016533,148,0.024490639899057018,0.013625909149000977,3,3,0.09782099961813981,0.05641295464870562,0.16551654519658654
0.63,0.78,0.48,-0.25,65,0.04863185040805852,0.053354139792945426,26,0.020345264555428524,0.0021368919491016533,153,0.02285144361477183,0.005892390256655083,3,3,0.09182855857825888,0.06138342199870216,0.16548866497670145
0.61,0.77,0.5,-0.25,64,0.04393290248874492,0.04559851017279361,24,0.042648019386771985,-0.0032996064002737274,142,0.010821436465435028,0.014397183506041404,3,2,0.09740235834095194,0.056696087278561284,0.16543766307522548
0.6,0.78,0.52,-0.2,62,0.03737299482330039,0.041529099907174766,23,0.049613693268387736,-0.0011881757533931461,122,0.018940242422984116,0.00906207526242242,3,2,0.10592693051467225,0.04940299941620404,0.1652105298141171
0.59,0.77,0.5,-0.275,70,0.02932422169667074,0.04653003522051141,25,0.046914262258848725,-0.0032210998877665736,153,0.017140640819427032,0.016007635359358327,3,2,0.0933791247749465,0.059316570692103165,0.16455900960547032
0.59,0.77,0.5,-0.3,70,0.02932422169667074,0.04653003522051141,25,0.046914262258848725,-0.0032210998877665736,153,0.017140640819427032,0.016007635359358327,3,2,0.0933791247749465,0.059316570692103165,0.16455900960547032
0.63,0.78,0.48,-0.3,68,0.05482347421091212,0.05010635024395213,27,0.015976115310098418,0.00498787477954149,164,0.019757914688187418,0.006478321187799611,3,3,0.09055750420919795,0.06157254621129323,0.16444455966274982
0.63,0.77,0.48,-0.3,62,0.046497141177474645,0.03897313305024708,25,0.0417781197405523,-0.0032210998877665736,146,0.020988678612297584,0.009968326262557843,3,2,0.10926393953032454,0.04572035942503835,0.16412837084037055
0.62,0.78,0.52,-0.225,57,0.04301417477217594,0.04658209214284502,24,0.035745985092491966,-0.0032996064002737274,125,0.02127791328020391,0.010064010323216244,3,2,0.10003807314487181,0.053346496065787535,0.16405386842381686
0.59,0.8,0.5,-0.2,77,0.04248762431888789,0.0545399143250439,32,0.01417004788289955,0.0008362921191868503,162,0.025299016106265525,0.012764680383073775,3,3,0.08195668830805297,0.06814088682730453,0.1637257525008184
0.63,0.77,0.48,-0.2,53,0.05132891434709541,0.04547456059877919,22,0.034143470311181964,-0.0036254454357902838,121,0.008800962544822162,0.015224777246419186,3,2,0.09427334720309954,0.05707389240940809,0.16276201809438925
0.62,0.77,0.48,-0.25,63,0.04552535747323713,0.03598408088947795,25,0.04556390273866819,-0.0032210998877665736,145,0.0213748599955033,0.009124170513126084,3,2,0.11246412020740863,0.04188715151483746,0.16272870202521358
0.63,0.77,0.48,-0.25,61,0.04596771141656454,0.03788944311656401,24,0.042648019386771985,-0.0032996064002737274,139,0.013124243010931298,0.015900126629017214,3,2,0.10173997381426783,0.0504899633453075,0.1623279298286368
0.63,0.76,0.5,-0.225,54,0.030679016430485116,0.035117945379804186,21,0.04341454215007086,-0.0024824272167267777,113,0.022203125080699028,0.02143203714768791,3,2,0.09629668366125499,0.05406755531076532,0.16117775003417337
0.61,0.76,0.52,-0.3,53,0.04577934700202388,0.05598462456251136,20,0.03295962525129193,-0.00542605542605544,107,0.011595354685646014,0.00822822199188114,3,2,0.09033432693896182,0.05878679112833706,0.16087847629296628
0.61,0.76,0.52,-0.25,53,0.04577934700202388,0.05598462456251136,20,0.03295962525129193,-0.00542605542605544,107,0.011595354685646014,0.00822822199188114,3,2,0.09033432693896182,0.05878679112833706,0.16087847629296628
0.61,0.76,0.52,-0.275,53,0.04577934700202388,0.05598462456251136,20,0.03295962525129193,-0.00542605542605544,107,0.011595354685646014,0.00822822199188114,3,2,0.09033432693896182,0.05878679112833706,0.16087847629296628
0.63,0.77,0.5,-0.3,59,0.053707167812669654,0.039564918359103834,24,0.042648019386771985,-0.0032996064002737274,136,0.0080523198638007,0.010488559883342706,3,2,0.10440750706324234,0.04675387184217281,0.1605121532738497
0.63,0.77,0.5,-0.275,59,0.053707167812669654,0.039564918359103834,24,0.042648019386771985,-0.0032996064002737274,136,0.0080523198638007,0.010488559883342706,3,2,0.10440750706324234,0.04675387184217281,0.1605121532738497
0.62,0.77,0.5,-0.275,60,0.045755437121177925,0.03868148312592756,24,0.042648019386771985,-0.0032996064002737274,142,0.015518885897142252,0.011526189482752788,3,2,0.10392234240509216,0.046908066208406624,0.1602120218551801
0.62,0.77,0.5,-0.3,60,0.045755437121177925,0.03868148312592756,24,0.042648019386771985,-0.0032996064002737274,142,0.015518885897142252,0.011526189482752788,3,2,0.10392234240509216,0.046908066208406624,0.1602120218551801
0.62,0.78,0.48,-0.275,70,0.049464153256670335,0.03634385896290656,28,0.0276304698049525,-4.85722573273506e-17,166,0.02216062170109677,0.014433683732513823,3,2,0.0992552447627196,0.050777542695420334,0.160188295997224
0.63,0.77,0.48,-0.275,62,0.046497141177474645,0.03897313305024708,25,0.0417781197405523,-0.0032210998877665736,145,0.02318516140161265,0.0046274368287753595,3,2,0.1114604223196396,0.04037946999125586,0.15991578630914663
0.59,0.77,0.48,-0.225,71,0.03737286004049367,0.046078254246334084,26,0.032124089564206246,0.0021368919491016533,146,0.01718538008122788,0.01244131797102458,3,3,0.08668232968592779,0.06065646416646032,0.15947008668568016
0.62,0.78,0.52,-0.2,56,0.03812327182313961,0.047103714732352406,22,0.03367498972253419,-0.0036254454357902838,118,0.018756573213903747,0.013670545840503187,3,2,0.09055483475957754,0.05714881513706531,0.15913341292405592
0.6,0.79,0.52,-0.25,67,0.04361774156864946,0.04450731224240938,30,0.020342502148057648,0.0009043425710092562,154,0.024528389574282647,0.013164990896910464,3,3,0.08848863329098976,0.0585766457103291,0.15878060814338468
0.62,0.79,0.5,-0.25,68,0.05162188892160041,0.043198689626941913,30,0.02089624024809203,0.0009043425710092562,171,0.017680614795539784,0.012776228441050579,3,3,0.09019874396523223,0.05687926063900175,0.15845385673203433
0.63,0.77,0.52,-0.225,52,0.04307379007323424,0.04889022045654595,23,0.03394207816151743,-0.0011881757533931461,110,0.01746663078274651,0.005310892810892885,3,2,0.0944824990174982,0.05301293751404569,0.15809802403435302
0.61,0.77,0.48,-0.3,68,0.04426846163137596,0.0381769924234703,26,0.03264147317565804,0.0021368919491016533,156,0.015630152876865838,0.013830959038124438,3,3,0.09254008768389985,0.05414484341069639,0.15751389977673552
0.61,0.76,0.48,-0.225,61,0.047568594713652504,0.04415086572241131,22,0.03051728569623033,-0.0036254454357902838,126,0.014431396745661192,0.013208862046673778,3,2,0.09251727715554403,0.0537342823332948,0.1569984159554978
0.62,0.77,0.52,-0.2,52,0.040848660707877064,0.04851831414958926,21,0.028531379931505653,-0.0024824272167267777,111,0.018788388102778046,0.011185135873408442,3,2,0.08816842874216077,0.05722102280627092,0.15683365610968586
0.6,0.77,0.52,-0.2,58,0.03411701557251888,0.04615730757625894,22,0.03601145724317098,-0.0036254454357902838,115,0.025035824335513053,0.008695760945964852,3,2,0.09516429715120292,0.051227623086433506,0.15663744485492312
0.62,0.78,0.48,-0.3,70,0.049464153256670335,0.03634385896290656,28,0.0276304698049525,-4.85722573273506e-17,170,0.016067712084148103,0.016541075119506532,3,2,0.09316233514577094,0.05288493408241304,0.15662425604466657
0.62,0.78,0.48,-0.25,67,0.0470494221510427,0.051438378174789634,27,0.014109291771328747,0.00498787477954149,159,0.013123886250294876,0.012161789989328119,3,3,0.07428260017266633,0.06858804294365925,0.1565882517050574
0.61,0.79,0.52,-0.275,65,0.04344896445870165,0.04596555957637033,29,0.02657411818727825,-0.0028851763028260174,153,0.018891464047368446,0.013173914483962705,3,2,0.08891454669334833,0.05625429775750702,0.15641970400235675
0.61,0.79,0.52,-0.3,65,0.04344896445870165,0.04596555957637033,29,0.02657411818727825,-0.0028851763028260174,153,0.018891464047368446,0.013173914483962705,3,2,0.08891454669334833,0.05625429775750702,0.15641970400235675
0.59,0.8,0.52,-0.2,74,0.037357222187220054,0.04265552208351888,31,0.021630877428759576,0.0025559003025796695,148,0.025644845888505186,0.014537612694273144,3,3,0.08463294550448482,0.059749035080371694,0.15633178760093086
0.6,0.78,0.48,-0.25,75,0.02947711350813117,0.04244008540479881,28,0.031819198190843626,-4.85722573273506e-17,165,0.01879991079026578,0.02104810190778126,3,2,0.08009622248924057,0.06348818731258002,0.1562820472643366
0.61,0.8,0.5,-0.2,71,0.038977407695122396,0.04730334361326714,31,0.021654866660222635,0.0025559003025796695,154,0.02028638262093855,0.012741833073608912,3,3,0.08091865697628359,0.06260107698945572,0.15603994936363044
0.63,0.78,0.5,-0.25,63,0.05283230300558004,0.04602089284932396,26,0.020345264555428524,0.0021368919491016533,147,0.016117773559569407,0.0072799612740058126,3,3,0.08929534112057798,0.055437746072431425,0.1558206364074957
0.62,0.76,0.52,-0.2,49,0.0293157694237274,0.056925548106766345,18,0.03327442708481358,-0.0015407700190308501,100,0.013776284055450727,0.010466616716616702,3,2,0.0763664805639917,0.0658513948043522,0.15538815432921432
0.63,0.76,0.52,-0.225,49,0.02964937785071703,0.054891334989161544,20,0.03295962525129193,-0.00542605542605544,98,0.015405341313709256,0.014806468910607717,3,2,0.07801434441571821,0.06427174847371382,0.1551404425841748
0.59,0.78,0.52,-0.3,66,0.04003292671461482,0.04517259662501927,26,0.017830493047599177,0.0021368919491016533,142,0.02329262460935505,0.01406083095091798,3,3,0.08115604437156905,0.0613703195250389,0.15480042780161574
0.59,0.78,0.52,-0.25,66,0.04003292671461482,0.04517259662501927,26,0.017830493047599177,0.0021368919491016533,142,0.02329262460935505,0.01406083095091798,3,3,0.08115604437156905,0.0613703195250389,0.15480042780161574
0.59,0.78,0.52,-0.275,66,0.04003292671461482,0.04517259662501927,26,0.017830493047599177,0.0021368919491016533,142,0.02329262460935505,0.01406083095091798,3,3,0.08115604437156905,0.0613703195250389,0.15480042780161574
0.6,0.78,0.5,-0.3,73,0.045657633898385064,0.051551048574133854,27,0.016251696315861347,0.00498787477954149,162,0.014322098312518197,0.008659553520824675,3,3,0.07623142852676461,0.06519847687450002,0.15446960077616462
0.6,0.78,0.5,-0.275,73,0.045657633898385064,0.051551048574133854,27,0.016251696315861347,0.00498787477954149,162,0.014322098312518197,0.008659553520824675,3,3,0.07623142852676461,0.06519847687450002,0.15446960077616462
0.59,0.78,0.55,-0.2,64,0.040534273138253724,0.051884130751781915,18,0.004102496403221072,-0.0015407700190308501,115,0.025641949781801253,0.01968876022921119,3,2,0.07027871932327605,0.07003212096196226,0.15431726447763078
0.6,0.76,0.5,-0.275,64,0.038350058823953315,0.05270081837917585,22,0.032726874889884294,-0.0036254454357902838,130,0.012309470517064193,0.009919306714178566,3,2,0.0833864042309018,0.05899467965756413,0.15418001981997875
0.6,0.76,0.5,-0.3,64,0.038350058823953315,0.05270081837917585,22,0.032726874889884294,-0.0036254454357902838,130,0.012309470517064193,0.009919306714178566,3,2,0.0833864042309018,0.05899467965756413,0.15418001981997875
0.62,0.77,0.5,-0.2,54,0.028433106085245012,0.0436374682727656,22,0.034143470311181964,-0.0036254454357902838,124,0.026076738977162915,0.014371705757583536,3,2,0.08865331537358989,0.05438372859455885,0.15391378968706051
0.63,0.78,0.52,-0.225,56,0.04192465127958796,0.04948568461432232,24,0.035745985092491966,-0.0032996064002737274,119,0.00921481836716706,0.009408422512200476,3,2,0.08688545473924698,0.055594500726249066,0.15359885561074588
0.61,0.76,0.52,-0.225,53,0.04577934700202388,0.05598462456251136,20,0.03295962525129193,-0.00542605542605544,106,0.0007375919960898245,0.010120393178544108,3,2,0.07947656424940563,0.06067896231500003,0.15229131902740567
0.59,0.78,0.55,-0.275,64,0.040534273138253724,0.051884130751781915,18,0.004102496403221072,-0.0015407700190308501,119,0.0252388150990656,0.01833263678238909,3,2,0.06987558464054039,0.06867599751514016,0.15228678165870857
0.59,0.78,0.55,-0.3,64,0.040534273138253724,0.051884130751781915,18,0.004102496403221072,-0.0015407700190308501,119,0.0252388150990656,0.01833263678238909,3,2,0.06987558464054039,0.06867599751514016,0.15228678165870857
0.59,0.78,0.55,-0.25,64,0.040534273138253724,0.051884130751781915,18,0.004102496403221072,-0.0015407700190308501,119,0.0252388150990656,0.01833263678238909,3,2,0.06987558464054039,0.06867599751514016,0.15228678165870857
0.6,0.79,0.55,-0.25,65,0.0423543614325603,0.04910730337244226,22,0.016344305052507786,-0.0036254454357902838,129,0.017302587077783954,0.017797648146003153,3,2,0.07600125356285203,0.06327950608265513,0.1519366608620382
0.6,0.79,0.55,-0.3,65,0.0423543614325603,0.04910730337244226,22,0.016344305052507786,-0.0036254454357902838,129,0.017302587077783954,0.017797648146003153,3,2,0.07600125356285203,0.06327950608265513,0.1519366608620382
0.6,0.79,0.55,-0.275,65,0.0423543614325603,0.04910730337244226,22,0.016344305052507786,-0.0036254454357902838,129,0.017302587077783954,0.017797648146003153,3,2,0.07600125356285203,0.06327950608265513,0.1519366608620382
0.63,0.8,0.5,-0.225,70,0.054724230481033254,0.042691964120535615,35,0.0158609277733701,-0.002340252340252355,159,0.024852201655641608,0.006693648774911708,3,2,0.09543735991004496,0.04704536055519497,0.1518917925762789
0.62,0.78,0.5,-0.25,64,0.044636590448655054,0.04285630845828278,26,0.020345264555428524,0.0021368919491016533,153,0.01656253706667704,0.013420379199942455,3,3,0.08154439207076061,0.05841357960732689,0.15164068759955288
0.59,0.79,0.5,-0.25,78,0.03356142756703083,0.04155259033132696,31,0.028304098224218262,0.0025559003025796695,182,0.021638594315789267,0.012628923245177393,3,3,0.08350412010703837,0.05673741387908402,0.1515890167619392
0.59,0.79,0.5,-0.275,82,0.03433725823517722,0.04666332470467838,31,0.028304098224218262,0.0025559003025796695,188,0.014837735310656387,0.012451644134855715,3,3,0.07747909177005186,0.06167086914211376,0.15148413474058836
0.59,0.79,0.5,-0.3,82,0.03433725823517722,0.04666332470467838,31,0.028304098224218262,0.0025559003025796695,188,0.014837735310656387,0.012451644134855715,3,3,0.07747909177005186,0.06167086914211376,0.15148413474058836
0.62,0.76,0.52,-0.25,50,0.02898376068376064,0.05128060211393544,20,0.03295962525129193,-0.00542605542605544,105,0.01679157877915855,0.01460964809810509,3,2,0.07873496471421113,0.06046419478598509,0.15129199845739322
0.62,0.76,0.52,-0.275,50,0.02898376068376064,0.05128060211393544,20,0.03295962525129193,-0.00542605542605544,105,0.01679157877915855,0.01460964809810509,3,2,0.07873496471421113,0.06046419478598509,0.15129199845739322
0.62,0.76,0.52,-0.3,50,0.02898376068376064,0.05128060211393544,20,0.03295962525129193,-0.00542605542605544,105,0.01679157877915855,0.01460964809810509,3,2,0.07873496471421113,0.06046419478598509,0.15129199845739322
0.6,0.8,0.52,-0.225,72,0.03923299957873838,0.049112223065956064,35,0.014346442372556042,-0.002340252340252355,154,0.027568812092727213,0.011557068627071176,3,2,0.08114825404402164,0.058329039352774885,0.15114310126735148
0.59,0.77,0.5,-0.25,70,0.02932422169667074,0.04653003522051141,25,0.046914262258848725,-0.0032210998877665736,150,0.009400607759867036,0.01127205099427328,3,2,0.0856390917153865,0.05458098632701812,0.15113627530780824
0.59,0.79,0.48,-0.2,74,0.02433760940821434,0.04650011300976839,27,0.029396379361860195,0.00498787477954149,156,0.023056857068778865,0.009995110951261314,3,3,0.0767908458388534,0.061483098740571195,0.15057056432753885
0.63,0.79,0.48,-0.275,74,0.04583269469707374,0.043744000123215575,31,0.02536181186866749,0.0025559003025796695,180,0.013257267519098864,0.008578621310102806,3,3,0.08445177408484009,0.05487852173589805,0.15030600016791773
0.6,0.79,0.52,-0.2,66,0.04514558336775241,0.04606666555407958,25,0.01602147323380626,-0.0032210998877665736,132,0.021230219387948786,0.013739510177332548,3,2,0.08239727598950745,0.056585075843645555,0.15029936700188212
0.62,0.79,0.48,-0.225,68,0.038303489228654036,0.041221179306275335,30,0.02890421478384437,0.0009043425710092562,156,0.019649047545336654,0.010425817595594106,3,3,0.08685675155783505,0.0525513394728787,0.14991835892528949
0.63,0.76,0.52,-0.3,49,0.02964937785071703,0.054891334989161544,20,0.03295962525129193,-0.00542605542605544,99,0.017537901214981097,0.008255319676356808,3,2,0.08014690431699005,0.05772059923946291,0.14941162340434555
0.63,0.76,0.52,-0.25,49,0.02964937785071703,0.054891334989161544,20,0.03295962525129193,-0.00542605542605544,99,0.017537901214981097,0.008255319676356808,3,2,0.08014690431699005,0.05772059923946291,0.14941162340434555
0.63,0.76,0.52,-0.275,49,0.02964937785071703,0.054891334989161544,20,0.03295962525129193,-0.00542605542605544,99,0.017537901214981097,0.008255319676356808,3,2,0.08014690431699005,0.05772059923946291,0.14941162340434555
0.62,0.78,0.5,-0.3,66,0.04725078911261809,0.04310689093235184,26,0.020345264555428524,0.0021368919491016533,157,0.018738794784042098,0.007302468248312773,3,3,0.0863348484520887,0.05254625112976627,0.14939034980780824
0.62,0.78,0.5,-0.275,66,0.04725078911261809,0.04310689093235184,26,0.020345264555428524,0.0021368919491016533,157,0.018738794784042098,0.007302468248312773,3,3,0.0863348484520887,0.05254625112976627,0.14939034980780824
0.61,0.8,0.5,-0.225,75,0.03773115146712441,0.043230604914270825,35,0.0158609277733701,-0.002340252340252355,168,0.027624720242106673,0.015647257387132796,3,2,0.08121679948260119,0.056537609961151265,0.1490619314359827
0.6,0.79,0.48,-0.2,71,0.029054123167784,0.04293897444049463,27,0.029396379361860195,0.00498787477954149,150,0.020036234615864283,0.010773156884267963,3,3,0.07848673714550847,0.058700006104304085,0.14892674447067336
0.6,0.77,0.48,-0.25,71,0.033683929579932895,0.03961781479441385,26,0.032124089564206246,0.0021368919491016533,151,0.011314333371252053,0.01715413061841313,3,3,0.0771223525153912,0.05890883736192863,0.14781295734970556
0.63,0.79,0.48,-0.3,74,0.04583269469707374,0.043744000123215575,31,0.02536181186866749,0.0025559003025796695,184,0.013229481112220096,0.006081328021891541,3,3,0.08442398767796132,0.052381228447686785,0.14728146181518548
0.59,0.79,0.52,-0.225,70,0.029060249085759382,0.04160900827567497,29,0.022347394370032123,-0.0028851763028260174,148,0.02776048464874864,0.017604294003496564,3,2,0.07916812810454014,0.05632812597634552,0.14676187927615475
0.63,0.78,0.5,-0.275,65,0.04843127166525525,0.048006942549956716,26,0.020345264555428524,0.0021368919491016533,151,0.014830557107226007,0.0017379549425517865,3,3,0.08360709332790978,0.051881789441610156,0.14586524065784195
0.63,0.78,0.5,-0.3,65,0.04843127166525525,0.048006942549956716,26,0.020345264555428524,0.0021368919491016533,151,0.014830557107226007,0.0017379549425517865,3,3,0.08360709332790978,0.051881789441610156,0.14586524065784195
0.62,0.79,0.5,-0.275,72,0.045370816933596785,0.04146625791052137,30,0.02089624024809203,0.0009043425710092562,177,0.015176689448188646,0.0110841575720549,3,3,0.08144374662987747,0.05345475805358553,0.1455894562941801
0.62,0.79,0.5,-0.3,72,0.045370816933596785,0.04146625791052137,30,0.02089624024809203,0.0009043425710092562,177,0.015176689448188646,0.0110841575720549,3,3,0.08144374662987747,0.05345475805358553,0.1455894562941801
0.62,0.76,0.52,-0.225,50,0.02898376068376064,0.05128060211393544,20,0.03295962525129193,-0.00542605542605544,104,0.01621339119900425,0.010100294924055668,3,2,0.07815677713405682,0.05595484161193567,0.14530258706837962
0.6,0.79,0.55,-0.225,65,0.0423543614325603,0.04910730337244226,22,0.016344305052507786,-0.0036254454357902838,126,0.01959693647937836,0.01021050992297233,3,2,0.07829560296444645,0.05569236785962431,0.14512644439599562
0.59,0.79,0.5,-0.2,72,0.027298062944726968,0.034368428863625095,26,0.03542131637677357,0.0021368919491016533,152,0.021285371807457876,0.014369577440648804,3,3,0.08400475112895842,0.05087489825337555,0.14505462903300909
0.61,0.78,0.5,-0.275,70,0.04791454168154849,0.033482038243942996,26,0.020345264555428524,0.0021368919491016533,160,0.02303107296108587,0.00883282419740758,3,3,0.09129087919806289,0.04445175439045223,0.14463298446660555
0.61,0.78,0.5,-0.3,70,0.04791454168154849,0.033482038243942996,26,0.020345264555428524,0.0021368919491016533,160,0.02303107296108587,0.00883282419740758,3,3,0.09129087919806289,0.04445175439045223,0.14463298446660555
0.59,0.79,0.52,-0.2,69,0.04480351643109014,0.043050957390864814,25,0.01602147323380626,-0.0032210998877665736,138,0.02237949110964753,0.011286920403626,3,2,0.08320448077454393,0.05111677790672424,0.144544614262613
0.62,0.78,0.52,-0.275,57,0.04301417477217594,0.04658209214284502,25,0.014820719269994558,-0.0032210998877665736,132,0.022913582594248513,0.009174179762798586,3,2,0.08074847663641901,0.05253517201787703,0.14379068305787146
0.62,0.78,0.52,-0.25,57,0.04301417477217594,0.04658209214284502,25,0.014820719269994558,-0.0032210998877665736,132,0.022913582594248513,0.009174179762798586,3,2,0.08074847663641901,0.05253517201787703,0.14379068305787146
0.62,0.78,0.52,-0.3,57,0.04301417477217594,0.04658209214284502,25,0.014820719269994558,-0.0032210998877665736,132,0.022913582594248513,0.009174179762798586,3,2,0.08074847663641901,0.05253517201787703,0.14379068305787146
0.63,0.79,0.5,-0.225,65,0.040289098704140804,0.0370515755010159,29,0.02033436049130398,-0.0028851763028260174,147,0.0256440201528665,0.013635050164381192,3,2,0.08626747934831128,0.04780144936257107,0.14362921858339656
0.61,0.78,0.48,-0.3,74,0.03163277641799395,0.038039244611475856,28,0.0276304698049525,-4.85722573273506e-17,174,0.02077237880674656,0.014544879852331632,3,2,0.08003562502969301,0.05258412446380744,0.14313657438626193
0.6,0.79,0.52,-0.3,68,0.04022770982354984,0.04756792026922866,30,0.020342502148057648,0.0009043425710092562,155,0.014057317386159292,0.008614567125104666,3,3,0.07462752935776679,0.05708682996534258,0.14313172531617788
0.6,0.79,0.52,-0.275,68,0.04022770982354984,0.04756792026922866,30,0.020342502148057648,0.0009043425710092562,155,0.014057317386159292,0.008614567125104666,3,3,0.07462752935776679,0.05708682996534258,0.14313172531617788
0.59,0.8,0.48,-0.2,79,0.03087718882594851,0.0464035407394145,33,0.012911348806958114,-0.0008264166209902141,166,0.02350357681187242,0.01757242494287243,3,2,0.06729211444477905,0.06314954906129672,0.1430715733183351
0.59,0.78,0.55,-0.225,64,0.040534273138253724,0.051884130751781915,18,0.004102496403221072,-0.0015407700190308501,118,0.01717016471659443,0.01594192076000603,3,2,0.06180693425806923,0.06628528149275709,0.14134927204937772
0.61,0.79,0.52,-0.25,64,0.040134348972970676,0.03910780471059367,29,0.02657411818727825,-0.0028851763028260174,152,0.021670072773611722,0.007864185257731394,3,2,0.08837853993386063,0.04408681366549905,0.14128271633245948
0.6,0.78,0.52,-0.225,63,0.035185224755394436,0.03949974366059647,25,0.04167452071151984,-0.0032210998877665736,129,0.017962064414032773,0.0024369201607117516,3,2,0.09482180988094704,0.03871556393354165,0.14128048660119702
0.61,0.8,0.48,-0.225,77,0.03939601450898918,0.04566478229065659,36,0.010871721838655687,-0.004600307878388034,172,0.021775451135093653,0.015929350739725172,3,2,0.07204318748273852,0.05699382515199373,0.140435777665131
0.61,0.8,0.48,-0.3,88,0.045953222777193534,0.04572803723843566,40,0.00966102859332027,-0.0020347707847707605,215,0.02175002595567145,0.008686103830042632,3,2,0.07736427732618525,0.05237937028370753,0.1402195216666343
0.62,0.79,0.48,-0.25,71,0.04241593430426978,0.03236764443814487,31,0.024316471815553763,0.0025559003025796695,177,0.014089700568437072,0.014169510930836973,3,3,0.0808221066882606,0.04909305567156151,0.1397337734941344
0.6,0.8,0.52,-0.2,71,0.0379177795242121,0.03745627210555823,31,0.021630877428759576,0.0025559003025796695,142,0.019097262079343973,0.010475359123356884,3,3,0.07864591903231566,0.05048753153149478,0.1392309568701094
0.63,0.79,0.48,-0.225,66,0.039353247423963525,0.03780373388644889,29,0.02033436049130398,-0.0028851763028260174,150,0.023416633024040436,0.011795344573122292,3,2,0.08310424093930793,0.04671390215674517,0.13916092352740214
0.6,0.79,0.52,-0.225,67,0.04361774156864946,0.04450731224240938,29,0.022347394370032123,-0.0028851763028260174,142,0.012978808565430398,0.008080926035231854,3,2,0.07894394450411199,0.049703061974815214,0.13858761887389026
0.6,0.8,0.55,-0.2,70,0.04168558419408769,0.03899607887703125,26,0.005962518438782927,0.0021368919491016533,130,0.023419804134794303,0.01468505378761785,3,3,0.07106790676766492,0.05581802461375075,0.13804953630416583
0.61,0.79,0.52,-0.2,63,0.03559873227020952,0.030553895396502936,24,0.023903488797940693,-0.0032996064002737274,130,0.025073353941697206,0.01720691464281205,3,2,0.08457557500984741,0.044461203639041255,0.1379290193766969
0.63,0.78,0.52,-0.3,56,0.04192465127958796,0.04948568461432232,25,0.014820719269994558,-0.0032210998877665736,126,0.01663490430991256,0.0072058126495529035,3,2,0.07338027485949508,0.05347039737610865,0.13754475171082547
0.63,0.78,0.52,-0.275,56,0.04192465127958796,0.04948568461432232,25,0.014820719269994558,-0.0032210998877665736,126,0.01663490430991256,0.0072058126495529035,3,2,0.07338027485949508,0.05347039737610865,0.13754475171082547
0.63,0.78,0.52,-0.25,56,0.04192465127958796,0.04948568461432232,25,0.014820719269994558,-0.0032210998877665736,126,0.01663490430991256,0.0072058126495529035,3,2,0.07338027485949508,0.05347039737610865,0.13754475171082547
0.63,0.78,0.52,-0.2,55,0.0382809469473268,0.043473864409313154,22,0.03367498972253419,-0.0036254454357902838,112,0.02005651741287802,-0.0022496974969908115,3,1,0.092012454082739,0.03759872147653206,0.13713091985457748
0.6,0.8,0.48,-0.2,76,0.03219800174984681,0.048299068491297226,33,0.012911348806958114,-0.0008264166209902141,160,0.02309212446744993,0.009737504008337443,3,2,0.06820147502425486,0.057210155878644454,0.1368536620786282
0.59,0.8,0.52,-0.225,75,0.035890650812279316,0.047938085589995016,35,0.014346442372556042,-0.002340252340252355,160,0.022760253045083792,0.0070706203518704006,3,2,0.07299734622991916,0.05266845360161306,0.13619949055185482
0.59,0.79,0.55,-0.225,68,0.032041047679591275,0.043472397632351306,22,0.016344305052507786,-0.0036254454357902838,131,0.01606604625347354,0.01961162381568038,3,2,0.0644513989855726,0.0594585760122414,0.13580169020026228
0.63,0.77,0.52,-0.2,51,0.03577483478744137,0.04615499506888651,21,0.028531379931505653,-0.0024824272167267777,105,0.013137245641991126,0.0049575033637935875,3,2,0.07744346036093813,0.04863007121595332,0.1357995458200821
0.61,0.78,0.48,-0.275,74,0.03163277641799395,0.038039244611475856,28,0.0276304698049525,-4.85722573273506e-17,170,0.013025974996851541,0.014860121722866826,3,2,0.072289221219798,0.05289936633434263,0.13576846082100916
0.63,0.76,0.52,-0.2,48,0.02633029397275167,0.039039012393548636,18,0.03327442708481358,-0.0015407700190308501,94,0.021105057780855134,0.008267178000034535,3,2,0.08070977883842038,0.04576542037455232,0.13562828328788318
0.59,0.79,0.52,-0.25,70,0.029060249085759382,0.04160900827567497,30,0.020342502148057648,0.0009043425710092562,160,0.021519641804472495,0.011406803073469862,3,3,0.07092239303828952,0.05392015392015409,0.13562657774247444
0.63,0.8,0.48,-0.2,66,0.032362156843028504,0.03426230481117809,31,0.021654866660222635,0.0025559003025796695,148,0.023453160682578293,0.011601947534354909,3,3,0.07747018418582943,0.04842015264811267,0.13557436736356462
0.59,0.79,0.48,-0.25,82,0.03130135536679857,0.03903026866850266,32,0.018761512450189338,0.0008362921191868503,189,0.02240866310960548,0.012629557760580425,3,3,0.07247153092659339,0.05249611854826994,0.13546687318451733
0.6,0.79,0.5,-0.25,75,0.02954189779127437,0.036768396228865755,31,0.028304098224218262,0.0025559003025796695,176,0.01821925307754143,0.010145428177804824,3,3,0.07606524909303405,0.04946972470925025,0.13542891874413435
0.59,0.78,0.48,-0.275,81,0.033462080340603606,0.04714190775932908,29,0.013383825307950625,-0.0028851763028260174,178,0.017894772947845985,0.014640687623194024,3,2,0.06474067859640022,0.05889741907969709,0.13541758149203673
0.61,0.79,0.5,-0.225,70,0.03996720966108727,0.035508230746325975,29,0.02033436049130398,-0.0028851763028260174,156,0.022862686190681034,0.01084959233607409,3,2,0.08316425634307228,0.04347264677957405,0.13533143247856114
0.59,0.78,0.48,-0.3,81,0.033462080340603606,0.04714190775932908,29,0.013383825307950625,-0.0028851763028260174,182,0.020598920615506965,0.012303223787532652,3,2,0.0674448262640612,0.05655995524403572,0.13531677255690405
0.61,0.78,0.48,-0.25,71,0.04318084811487622,0.03822393316993968,27,0.014109291771328747,0.00498787477954149,163,0.014779143429789497,0.009023320411136265,3,3,0.07206928331599446,0.05223512836061744,0.1347514373487354
0.63,0.8,0.5,-0.2,66,0.032362156843028504,0.03426230481117809,31,0.021654866660222635,0.0025559003025796695,145,0.024534018766429813,0.009846298589283986,3,3,0.07855104226968096,0.046664503703041746,0.13454844671333105
0.6,0.8,0.48,-0.25,85,0.042990616026347565,0.04801653138899459,39,0.013954400396515396,-0.002130470681275462,196,0.013563488352553353,0.007431658195169347,3,2,0.07050850477541631,0.05331771890288847,0.13448976745888247
0.59,0.79,0.55,-0.2,68,0.032041047679591275,0.043472397632351306,20,0.013471725034225002,-0.00542605542605544,125,0.020887299465037645,0.018666671827043943,3,2,0.06640007217885392,0.05671301403333981,0.13445568901886168
0.61,0.8,0.52,-0.225,69,0.04656380870799161,0.03487790097857925,34,0.01582028857479678,-0.006262555760403597,152,0.026277702694922245,0.009496011224964976,3,2,0.08866179997771063,0.03811135644314063,0.13439542770947938
0.6,0.79,0.55,-0.2,65,0.0423543614325603,0.04910730337244226,20,0.013471725034225002,-0.00542605542605544,120,0.01141775598372819,0.01203589363311583,3,2,0.06724384245051349,0.05571714157950265,0.13410441234591666
0.63,0.79,0.48,-0.25,69,0.042727223060770356,0.03462547401382757,30,0.02089624024809203,0.0009043425710092562,171,0.02014881608343496,0.006314327343349357,3,3,0.08377227939229734,0.04184414392818618,0.13398525210612075
0.62,0.79,0.48,-0.2,63,0.02562279046099504,0.021120754476785034,26,0.03460695380379248,0.0021368919491016533,144,0.03158646879938284,0.01155077309656978,3,3,0.09181621306417036,0.03480841952245647,0.13358631649111813
0.63,0.79,0.48,-0.2,61,0.0427760782646658,0.03643746426971288,25,0.02063475734899438,-0.0032210998877665736,138,0.017446824651357627,0.010466386851226098,3,2,0.08085766026501781,0.043682751233172404,0.1332769617448247
0.61,0.8,0.48,-0.275,87,0.03603817551669713,0.03516900514280725,39,0.014876525901027893,-0.002130470681275462,208,0.023831638953050675,0.015563855639822877,3,2,0.0747463403707757,0.04860239010135466,0.13306920849240128
0.63,0.79,0.52,-0.2,59,0.04571239960351911,0.03833769676063006,24,0.023903488797940693,-0.0032996064002737274,122,0.015231435190265333,0.0050579588583587395,3,2,0.08484732359172513,0.040096049218715075,0.1329625826541832
0.61,0.79,0.52,-0.225,64,0.040134348972970676,0.03910780471059367,28,0.011564027261822533,-4.85722573273506e-17,140,0.018705954932570615,0.012889139079615322,3,2,0.07040433116736383,0.051996943790208944,0.13280066371561455
0.62,0.8,0.5,-0.2,67,0.02817012464419075,0.03931645962463841,31,0.021654866660222635,0.0025559003025796695,151,0.01938345275523469,0.010446953534843526,3,3,0.06920844405964807,0.052319313462061603,0.13199162021412197
0.63,0.79,0.5,-0.25,67,0.03826628948434036,0.040036089746322806,30,0.02089624024809203,0.0009043425710092562,165,0.016973907128420382,0.005421817651777766,3,3,0.07613643686085278,0.04636224996910983,0.13177113682378458
0.6,0.78,0.52,-0.3,63,0.035185224755394436,0.03949974366059647,26,0.017830493047599177,0.0021368919491016533,136,0.016045156482725573,0.01026370483846236,3,3,0.06906087428571919,0.051900340448160484,0.13134128282351176
0.6,0.78,0.52,-0.275,63,0.035185224755394436,0.03949974366059647,26,0.017830493047599177,0.0021368919491016533,136,0.016045156482725573,0.01026370483846236,3,3,0.06906087428571919,0.051900340448160484,0.13134128282351176
0.6,0.78,0.52,-0.25,63,0.035185224755394436,0.03949974366059647,26,0.017830493047599177,0.0021368919491016533,136,0.016045156482725573,0.01026370483846236,3,3,0.06906087428571919,0.051900340448160484,0.13134128282351176
0.6,0.8,0.5,-0.225,78,0.03714447783731459,0.04582007957682031,36,0.010415430949873808,-0.004600307878388034,170,0.017305956944076883,0.01407092362974715,3,2,0.06486586573126528,0.05529069532817943,0.13121470012508057
0.61,0.8,0.5,-0.25,78,0.041811232745939994,0.044793132885379186,37,0.005228909336523077,-0.0021883718530060214,187,0.01609725448303493,0.013528979126146402,3,2,0.063137396565498,0.05613374015851957,0.13049788475572147
0.59,0.78,0.5,-0.3,76,0.030326070290705373,0.034150100193821066,27,0.016251696315861347,0.00498787477954149,168,0.019188121558525506,0.0148016556494305,3,3,0.06576588816509223,0.053939630622793056,0.13049344491244388
0.59,0.78,0.5,-0.275,76,0.030326070290705373,0.034150100193821066,27,0.016251696315861347,0.00498787477954149,168,0.019188121558525506,0.0148016556494305,3,3,0.06576588816509223,0.053939630622793056,0.13049344491244388
0.59,0.79,0.55,-0.25,68,0.032041047679591275,0.043472397632351306,22,0.016344305052507786,-0.0036254454357902838,134,0.019255942787627267,0.012499509726697465,3,2,0.06764129551972634,0.05234646192325849,0.1304570498276365
0.59,0.79,0.55,-0.275,68,0.032041047679591275,0.043472397632351306,22,0.016344305052507786,-0.0036254454357902838,134,0.019255942787627267,0.012499509726697465,3,2,0.06764129551972634,0.05234646192325849,0.1304570498276365
0.59,0.79,0.55,-0.3,68,0.032041047679591275,0.043472397632351306,22,0.016344305052507786,-0.0036254454357902838,134,0.019255942787627267,0.012499509726697465,3,2,0.06764129551972634,0.05234646192325849,0.1304570498276365
0.61,0.79,0.48,-0.25,75,0.027686215182595744,0.03690237893735264,31,0.024316471815553763,0.0025559003025796695,181,0.01598077563100197,0.012443455061773086,3,3,0.06798346262915148,0.051901734301705395,0.13026554379119795
0.61,0.79,0.48,-0.225,72,0.027483496406704194,0.02700439614167603,30,0.02890421478384437,0.0009043425710092562,160,0.020277637401660754,0.015838097088097157,3,3,0.07666534859220932,0.04374683580078244,0.12916155155314823
0.61,0.78,0.52,-0.3,60,0.045270190200745825,0.04061049547160658,25,0.014820719269994558,-0.0032210998877665736,134,0.010257185204811496,0.011220848469974266,3,2,0.07034809467555188,0.04861024405381427,0.128680387540129
0.61,0.78,0.52,-0.275,60,0.045270190200745825,0.04061049547160658,25,0.014820719269994558,-0.0032210998877665736,134,0.010257185204811496,0.011220848469974266,3,2,0.07034809467555188,0.04861024405381427,0.128680387540129
0.61,0.78,0.52,-0.25,60,0.045270190200745825,0.04061049547160658,25,0.014820719269994558,-0.0032210998877665736,134,0.010257185204811496,0.011220848469974266,3,2,0.07034809467555188,0.04861024405381427,0.128680387540129
0.59,0.79,0.52,-0.275,71,0.023153623312054422,0.03660485207019157,30,0.020342502148057648,0.0009043425710092562,161,0.022149205016459388,0.015010739330858884,3,3,0.06564533047657145,0.05251993397205971,0.1286692512430431
0.59,0.79,0.52,-0.3,71,0.023153623312054422,0.03660485207019157,30,0.020342502148057648,0.0009043425710092562,161,0.022149205016459388,0.015010739330858884,3,3,0.06564533047657145,0.05251993397205971,0.1286692512430431
0.59,0.8,0.48,-0.25,88,0.037013562332355796,0.04309578515275869,39,0.013954400396515396,-0.002130470681275462,202,0.015602000023294225,0.010728741350141693,3,2,0.06656996275216542,0.051694055821624924,0.12860282973811532
0.62,0.8,0.48,-0.2,68,0.03516086441835731,0.0321367376774561,32,0.01341314984903351,0.0008362921191868503,154,0.022541864430564176,0.014587043856993831,3,3,0.07111587869795499,0.04756007365363678,0.1281879670823191
0.59,0.8,0.5,-0.25,84,0.03820155994139653,0.04088922633761657,38,0.006079871577026316,-0.0028867890914311134,195,0.019744483989599493,0.015419550750662578,3,2,0.06402591550802234,0.05342198799684803,0.12813230110423995
0.59,0.79,0.48,-0.275,87,0.03972676844356454,0.03896902102613981,33,0.014183970192488154,-0.0008264166209902141,198,0.013172657240199406,0.012360893396191099,3,2,0.0670833958762521,0.0505034978013407,0.12768759323786094
0.59,0.79,0.48,-0.3,87,0.03972676844356454,0.03896902102613981,33,0.014183970192488154,-0.0008264166209902141,202,0.015108679377922839,0.010697258224905207,3,2,0.06901941801397554,0.048839862630054805,0.1276272531700413
0.62,0.79,0.52,-0.2,60,0.03427412179727,0.033216603355492216,24,0.023903488797940693,-0.0032996064002737274,128,0.02056435493265743,0.010572273660476493,3,2,0.07874196552786812,0.04048927061569498,0.12732909026670208
0.59,0.8,0.48,-0.225,84,0.03196090255054314,0.03906070497144977,37,0.019239491841667226,-0.0021883718530060214,180,0.01833964508475837,0.011228731830583746,3,2,0.06954003947696874,0.048101064949027494,0.12726131741580174
0.59,0.79,0.48,-0.225,79,0.016437587576581,0.03694585332995862,31,0.029049125229268495,0.0025559003025796695,168,0.020599701504074024,0.011372503637352607,3,3,0.06608641430992351,0.050874257269890893,0.12713552303379258
0.61,0.78,0.55,-0.2,58,0.03147313930381904,0.03711785407941526,18,0.004102496403221072,-0.0015407700190308501,108,0.027195871157347895,0.017987519813447518,3,2,0.06277150686438801,0.053564603873831926,0.1270490315129863
0.6,0.79,0.48,-0.275,84,0.02817014250645067,0.045431642957467655,33,0.014183970192488154,-0.0008264166209902141,192,0.017196806733250344,0.01015939542136167,3,2,0.05955091943218917,0.05476462175783911,0.1252684655415961
0.59,0.8,0.5,-0.225,81,0.031360764640386556,0.040338701492486174,36,0.010415430949873808,-0.004600307878388034,176,0.02242984158873275,0.01449784447648255,3,2,0.06420603717899312,0.05023623809058069,0.12448952288768994
0.61,0.8,0.48,-0.25,81,0.04226151825773776,0.03928960411345226,38,0.009237971361220468,-0.0028867890914311134,194,0.012318295795218107,0.013988590866905959,3,2,0.06381778541417633,0.050391405888927106,0.12428747248088887
0.59,0.79,0.5,-0.225,76,0.022125302819319605,0.030931329679453085,30,0.0332937844048955,0.0009043425710092562,164,0.017886307686820757,0.010558629452061208,3,3,0.07330539491103585,0.04239430170252355,0.1241785569540641
0.6,0.78,0.48,-0.275,78,0.03177552686240624,0.039605249296970645,29,0.013383825307950625,-0.0028851763028260174,172,0.01420879654494022,0.01720580680545216,3,2,0.05936814871529709,0.05392587979959679,0.12407920447481324
0.62,0.78,0.55,-0.3,55,0.032114223821007044,0.037015382672934534,18,0.004102496403221072,-0.0015407700190308501,110,0.027405471275994728,0.01462758621849531,3,2,0.06362219150022284,0.050102198872398994,0.12374483014710164
0.62,0.78,0.55,-0.25,55,0.032114223821007044,0.037015382672934534,18,0.004102496403221072,-0.0015407700190308501,110,0.027405471275994728,0.01462758621849531,3,2,0.06362219150022284,0.050102198872398994,0.12374483014710164
0.62,0.78,0.55,-0.275,55,0.032114223821007044,0.037015382672934534,18,0.004102496403221072,-0.0015407700190308501,110,0.027405471275994728,0.01462758621849531,3,2,0.06362219150022284,0.050102198872398994,0.12374483014710164
0.63,0.79,0.52,-0.275,61,0.039219887695249436,0.035085888111711525,29,0.02657411818727825,-0.0028851763028260174,145,0.01599614909042882,0.0026837723298974783,3,2,0.0817901549729565,0.034884484138782985,0.12365153593949607
0.63,0.79,0.52,-0.3,61,0.039219887695249436,0.035085888111711525,29,0.02657411818727825,-0.0028851763028260174,145,0.01599614909042882,0.0026837723298974783,3,2,0.0817901549729565,0.034884484138782985,0.12365153593949607
0.59,0.8,0.55,-0.2,73,0.03653270979313576,0.04714421949458863,26,0.005962518438782927,0.0021368919491016533,135,0.01485606558627444,0.005759224263161479,3,3,0.05735129381819313,0.05504033570685176,0.12339969666641523
0.63,0.79,0.52,-0.25,60,0.0355110304647342,0.033481153620042496,29,0.02657411818727825,-0.0028851763028260174,144,0.020213817033695958,0.003383684097807503,3,2,0.08229896568570841,0.03397966141502398,0.12307455938373718
0.63,0.79,0.5,-0.2,61,0.0427760782646658,0.03643746426971288,25,0.02063475734899438,-0.0032210998877665736,135,0.017513268831874845,0.0018153334529268164,3,2,0.08092410444553502,0.03503169783487312,0.12296214184738277
0.6,0.8,0.5,-0.3,87,0.04015810204387735,0.03691592109725888,39,0.008616472150549281,-0.002130470681275462,202,0.02099675092450875,0.00944673473549814,3,2,0.06977132511893538,0.04423218515148156,0.12284994730071325
0.6,0.78,0.55,-0.225,61,0.036591148683078153,0.0416143137540996,18,0.004102496403221072,-0.0015407700190308501,113,0.017085360133501974,0.013939310966257432,3,2,0.0577790052198012,0.054012854701326184,0.12259443086139261
0.62,0.8,0.52,-0.2,65,0.0250988451368893,0.03731254806397921,30,0.021776812008293435,0.0009043425710092562,138,0.019042441305987354,0.008656797622814537,3,3,0.06591809845117008,0.046873688257803005,0.12216652436053368
0.6,0.8,0.48,-0.225,81,0.024560733133051023,0.038479428097362184,37,0.019239491841667226,-0.0021883718530060214,174,0.020335214792710388,0.01174909441711483,3,2,0.06413543976742864,0.04804015066147099,0.12178362056119382
0.63,0.78,0.55,-0.2,54,0.02794866579251814,0.03883471257335559,18,0.004102496403221072,-0.0015407700190308501,102,0.026151216416692005,0.01550682379075767,3,2,0.058202378612431216,0.05280076634508241,0.12156329822653011
0.63,0.8,0.5,-0.25,73,0.046137774162191,0.04829118440097529,37,0.005228909336523077,-0.0021883718530060214,178,0.00799467203712654,0.005531145664639102,3,2,0.05936135553584062,0.05163395821260837,0.12132210539097066
0.61,0.8,0.52,-0.2,68,0.039948979297765225,0.02569560182352976,30,0.021776812008293435,0.0009043425710092562,140,0.01734937524053179,0.008573844585749418,3,3,0.07907516654659044,0.03517378898028843,0.12128371332293655
0.63,0.79,0.55,-0.2,58,0.03632634280382794,0.03417081754024562,20,0.013471725034225002,-0.00542605542605544,112,0.023148332490612204,0.01142968636130632,3,2,0.07294640032866515,0.0401744484754965,0.12115573849926095
0.61,0.8,0.52,-0.25,70,0.05047260940118095,0.03014287300001584,36,0.009215556614396575,-0.004600307878388034,165,0.02169243319130787,0.007448589305188762,3,2,0.0813805992068854,0.03299115442681656,0.12096998451906527
0.62,0.79,0.5,-0.225,66,0.03234635485369723,0.03239363069187039,29,0.02033436049130398,-0.0028851763028260174,153,0.01713760259034968,0.01235148126773035,3,2,0.0698183179353509,0.04185993565677472,0.12005024072348056
0.6,0.78,0.55,-0.275,61,0.036591148683078153,0.0416143137540996,18,0.004102496403221072,-0.0015407700190308501,114,0.015419006336745908,0.013068259949761442,3,2,0.05611265142304513,0.053141803684830194,0.11988281584484137
0.6,0.78,0.55,-0.25,61,0.036591148683078153,0.0416143137540996,18,0.004102496403221072,-0.0015407700190308501,114,0.015419006336745908,0.013068259949761442,3,2,0.05611265142304513,0.053141803684830194,0.11988281584484137
0.6,0.78,0.55,-0.3,61,0.036591148683078153,0.0416143137540996,18,0.004102496403221072,-0.0015407700190308501,114,0.015419006336745908,0.013068259949761442,3,2,0.05611265142304513,0.053141803684830194,0.11988281584484137
0.62,0.8,0.48,-0.225,73,0.030717980138963753,0.042923713209827706,36,0.010871721838655687,-0.004600307878388034,168,0.022594463086505485,0.00800428919689284,3,2,0.06418416506412492,0.04632769452833251,0.11977739849812394
0.61,0.78,0.55,-0.3,58,0.03147313930381904,0.03711785407941526,18,0.004102496403221072,-0.0015407700190308501,112,0.025829397330872736,0.01290278223071855,3,2,0.061405033037912844,0.04847986629110296,0.11958087258723639
0.61,0.78,0.55,-0.275,58,0.03147313930381904,0.03711785407941526,18,0.004102496403221072,-0.0015407700190308501,112,0.025829397330872736,0.01290278223071855,3,2,0.061405033037912844,0.04847986629110296,0.11958087258723639
0.61,0.78,0.55,-0.25,58,0.03147313930381904,0.03711785407941526,18,0.004102496403221072,-0.0015407700190308501,112,0.025829397330872736,0.01290278223071855,3,2,0.061405033037912844,0.04847986629110296,0.11958087258723639
0.62,0.8,0.52,-0.25,67,0.04187208513838446,0.031093942643928375,36,0.009215556614396575,-0.004600307878388034,163,0.024929955951247182,0.009684450666869862,3,2,0.07601759770402822,0.036178085432410204,0.11943130022292045
0.62,0.79,0.52,-0.225,61,0.03613232898737338,0.03497020140095083,28,0.011564027261822533,-4.85722573273506e-17,138,0.020117872547293532,0.007886653264780198,3,2,0.06781422879648945,0.04285685466573098,0.11924245439536663
0.63,0.8,0.52,-0.2,64,0.028285093360324413,0.036213196251791285,30,0.021776812008293435,0.0009043425710092562,132,0.01620676325182554,0.006869971777752046,3,3,0.0662686686204434,0.04398751060055259,0.1190536813411065
0.62,0.79,0.55,-0.225,59,0.036836853948987204,0.03637319105024481,22,0.016344305052507786,-0.0036254454357902838,122,0.01592034913449302,0.008863862800829986,3,2,0.069101508135988,0.04161160841528451,0.11903543823432941
0.62,0.8,0.5,-0.225,71,0.03393948702883248,0.03564085671139437,35,0.0158609277733701,-0.002340252340252355,165,0.022484455529677642,0.005503042293694291,3,2,0.07228487033188022,0.03880364666483631,0.11884924632968379
0.62,0.78,0.55,-0.225,55,0.032114223821007044,0.037015382672934534,18,0.004102496403221072,-0.0015407700190308501,109,0.0232391792816406,0.01393411205019536,3,2,0.059455899505868715,0.049408724704099044,0.11874636915078757
0.63,0.79,0.52,-0.225,60,0.0355110304647342,0.033481153620042496,28,0.011564027261822533,-4.85722573273506e-17,132,0.020156591094928344,0.00936914846719402,3,2,0.06723164882148508,0.04285030208723647,0.11865201132616884
0.59,0.8,0.52,-0.25,76,0.03449346415184333,0.044407459201426275,37,0.0036705927650225595,-0.0021883718530060214,173,0.017926156538369625,0.00976037875988589,3,2,0.056090213455235516,0.051979466108306144,0.1184655727852029
0.62,0.79,0.55,-0.3,59,0.036836853948987204,0.03637319105024481,22,0.016344305052507786,-0.0036254454357902838,125,0.0201726329504857,0.0044788420963181655,3,2,0.07335379195198069,0.03722658771077269,0.11802569720490791
0.62,0.79,0.55,-0.275,59,0.036836853948987204,0.03637319105024481,22,0.016344305052507786,-0.0036254454357902838,125,0.0201726329504857,0.0044788420963181655,3,2,0.07335379195198069,0.03722658771077269,0.11802569720490791
0.62,0.79,0.55,-0.25,59,0.036836853948987204,0.03637319105024481,22,0.016344305052507786,-0.0036254454357902838,125,0.0201726329504857,0.0044788420963181655,3,2,0.07335379195198069,0.03722658771077269,0.11802569720490791
0.59,0.8,0.55,-0.225,73,0.03653270979313576,0.04714421949458863,28,-0.0029096549013870876,-4.85722573273506e-17,143,0.018065337421846836,0.00786314909101607,2,2,0.05168839231359551,0.05500736858560465,0.11769723461632109
0.63,0.79,0.55,-0.225,58,0.03632634280382794,0.03417081754024562,22,0.016344305052507786,-0.0036254454357902838,118,0.015707237449314036,0.010424936614087693,3,2,0.06837788530564975,0.04097030871854303,0.1175422557679014
0.61,0.8,0.52,-0.3,72,0.04311871529623613,0.03829802152183735,36,0.009215556614396575,-0.004600307878388034,170,0.01873272323387666,0.00498004174474765,3,2,0.07106699514450937,0.03867775538819697,0.11748030161034573
0.61,0.8,0.52,-0.275,72,0.04311871529623613,0.03829802152183735,36,0.009215556614396575,-0.004600307878388034,170,0.01873272323387666,0.00498004174474765,3,2,0.07106699514450937,0.03867775538819697,0.11748030161034573
0.6,0.8,0.52,-0.25,73,0.03189867597005901,0.03982490060106427,37,0.0036705927650225595,-0.0021883718530060214,167,0.02147534386317438,0.012680541342632815,3,2,0.057044612598255946,0.050317070090691064,0.11742509670708523
0.6,0.8,0.5,-0.275,86,0.044195988326333785,0.037284707175261764,38,0.006079871577026316,-0.0028867890914311134,200,0.014736498725040403,0.009275361983695267,3,2,0.0650123586284005,0.04367328006752592,0.1174202947094316
0.61,0.78,0.55,-0.225,58,0.03147313930381904,0.03711785407941526,18,0.004102496403221072,-0.0015407700190308501,111,0.022687686842887897,0.013305634894858462,3,2,0.058263322549928005,0.04888271895524287,0.11692258529621945
0.63,0.79,0.5,-0.3,71,0.03376185437020001,0.02336282042491317,30,0.02089624024809203,0.0009043425710092562,171,0.01860931009862582,0.011793400637943187,3,3,0.07326740471691787,0.03606056363386562,0.1165400810775566
0.63,0.79,0.5,-0.275,71,0.03376185437020001,0.02336282042491317,30,0.02089624024809203,0.0009043425710092562,171,0.01860931009862582,0.011793400637943187,3,3,0.07326740471691787,0.03606056363386562,0.1165400810775566
0.59,0.8,0.55,-0.275,74,0.035362086555694706,0.04457879540010538,29,0.00416405498695914,-0.0028851763028260174,147,0.017963321233364013,0.007504064623187187,3,2,0.05748946277601786,0.04919768372046655,0.11652668324057772
0.59,0.8,0.55,-0.3,74,0.035362086555694706,0.04457879540010538,29,0.00416405498695914,-0.0028851763028260174,147,0.017963321233364013,0.007504064623187187,3,2,0.05748946277601786,0.04919768372046655,0.11652668324057772
0.59,0.8,0.55,-0.25,74,0.035362086555694706,0.04457879540010538,29,0.00416405498695914,-0.0028851763028260174,147,0.017963321233364013,0.007504064623187187,3,2,0.05748946277601786,0.04919768372046655,0.11652668324057772
0.6,0.79,0.5,-0.275,79,0.021665792171288424,0.02441104295822414,31,0.028304098224218262,0.0025559003025796695,182,0.018995702254174733,0.01231746648304878,3,3,0.06896559264968141,0.03928440974385259,0.11610688434230451
0.6,0.79,0.5,-0.3,79,0.021665792171288424,0.02441104295822414,31,0.028304098224218262,0.0025559003025796695,182,0.018995702254174733,0.01231746648304878,3,3,0.06896559264968141,0.03928440974385259,0.11610688434230451
0.62,0.8,0.52,-0.3,69,0.043318556275765314,0.037151938912996986,36,0.009215556614396575,-0.004600307878388034,168,0.015651996428469907,0.0072095971809366804,3,2,0.0681861093186318,0.03976122821554563,0.11589958317728655
0.62,0.8,0.52,-0.275,69,0.043318556275765314,0.037151938912996986,36,0.009215556614396575,-0.004600307878388034,168,0.015651996428469907,0.0072095971809366804,3,2,0.0681861093186318,0.03976122821554563,0.11589958317728655
0.62,0.79,0.48,-0.275,76,0.02327534732188688,0.03126725784434897,32,0.01889214543302281,0.0008362921191868503,186,0.022142237489326394,0.010219145817953058,3,3,0.06430973024423609,0.04232269578148888,0.11509696518202274
0.62,0.79,0.52,-0.25,61,0.03613232898737338,0.03497020140095083,29,0.02657411818727825,-0.0028851763028260174,150,0.013585445144704361,-4.7750603306105643e-05,3,1,0.07629189231935599,0.032037274494818704,0.11473662171313842
0.6,0.8,0.5,-0.25,81,0.036615677420459486,0.03741206628553224,38,0.006079871577026316,-0.0028867890914311134,189,0.018413792496361464,0.00998050169776675,3,2,0.061109341493847266,0.044505778891867874,0.11451627616408872
0.59,0.8,0.5,-0.3,90,0.036674811813700636,0.03647556147556147,39,0.008616472150549281,-0.002130470681275462,208,0.012531694107141493,0.012860382410056853,3,2,0.05782297807139141,0.04720547320434286,0.11446954591660284
0.62,0.8,0.5,-0.25,74,0.038537450430471215,0.03562030132647717,37,0.005228909336523077,-0.0021883718530060214,184,0.018636332922339897,0.009882467409204634,3,2,0.06240269268933419,0.043314396882675785,0.11437996894854513
0.63,0.8,0.48,-0.225,71,0.033511656966612326,0.035814301120940535,35,0.0158609277733701,-0.002340252340252355,162,0.017318247914721356,0.0057713444736202865,3,2,0.06669083265470378,0.03924539325430847,0.11378530455987394
0.63,0.8,0.55,-0.2,63,0.03443079066192615,0.039255194097801614,26,0.005962518438782927,0.0021368919491016533,122,0.017181584599558833,0.005188746971811993,3,3,0.05757489370026791,0.04658083301871526,0.11347189332272622
0.6,0.79,0.48,-0.3,84,0.02817014250645067,0.045431642957467655,33,0.014183970192488154,-0.0008264166209902141,196,0.012298956118387903,0.004096960874667328,3,2,0.054653068817326726,0.04870218721114477,0.11309569347070045
0.63,0.8,0.55,-0.225,63,0.03443079066192615,0.039255194097801614,28,-0.0029096549013870876,-4.85722573273506e-17,130,0.023011949698340244,0.009437120334556265,2,2,0.054533085458879305,0.04869231443235783,0.1129638627777087
0.6,0.78,0.48,-0.3,78,0.03177552686240624,0.039605249296970645,29,0.013383825307950625,-0.0028851763028260174,176,0.0106218017476888,0.010518764832350515,3,2,0.05578115391804567,0.04723883782649514,0.11246775930983983
0.59,0.8,0.48,-0.3,95,0.03314606138159372,0.045812569211131755,41,0.0048786972726656,-0.006484678717492705,223,0.01333541511254991,0.011171475052488937,3,2,0.05136017376680923,0.05049936554612799,0.11195941242216281
0.61,0.8,0.55,-0.2,67,0.030213197338049655,0.034091726250194423,26,0.005962518438782927,0.0021368919491016533,128,0.020555052289473005,0.009715459310226833,3,3,0.05673076806630559,0.04594407750952291,0.11186366107773307
0.62,0.8,0.48,-0.275,83,0.03238580752250721,0.03667014540116138,39,0.014876525901027893,-0.002130470681275462,204,0.013661974161988062,0.0075805943775129545,3,2,0.06092430758552316,0.042120269097398876,0.11146863050240181
0.59,0.8,0.5,-0.275,89,0.03458470964140518,0.04036106712296697,38,0.006079871577026316,-0.0028867890914311134,206,0.013720050376961834,0.009335959828022357,3,2,0.05438463159539333,0.046810237859558214,0.11055691702686318
0.61,0.79,0.48,-0.275,80,0.025820752116324987,0.03287773183606518,32,0.01889214543302281,0.0008362921191868503,190,0.01793971934669076,0.0061465662342855,3,3,0.06265261689603856,0.03986059018953753,0.1104853251234836
0.6,0.8,0.55,-0.225,70,0.04168558419408769,0.03899607887703125,28,-0.0029096549013870876,-4.85722573273506e-17,138,0.015319923104040997,0.007928454554054207,2,2,0.0540958523967416,0.04692453343108541,0.11040529251404409
0.61,0.79,0.5,-0.275,76,0.0204335925096401,0.027204841161356325,30,0.02089624024809203,0.0009043425710092562,180,0.02080604395033405,0.01208251624918303,3,3,0.06213587670806618,0.04019169998154861,0.11036591668592452
0.61,0.79,0.5,-0.3,76,0.0204335925096401,0.027204841161356325,30,0.02089624024809203,0.0009043425710092562,180,0.02080604395033405,0.01208251624918303,3,3,0.06213587670806618,0.04019169998154861,0.11036591668592452
0.6,0.79,0.48,-0.225,76,0.012033315772831156,0.02471294261677036,31,0.029049125229268495,0.0025559003025796695,162,0.023509053612148098,0.010748679046642527,3,3,0.06459149461424775,0.038017521965992555,0.11021252097343881
0.6,0.79,0.48,-0.25,79,0.017964542212166604,0.04177131586967503,32,0.018761512450189338,0.0008362921191868503,183,0.010602928196831729,0.008961402389074613,3,3,0.04732898285918767,0.05156901037793649,0.10921179531271147
0.59,0.8,0.52,-0.3,78,0.03321699054894843,0.04657730040380205,37,0.0036705927650225595,-0.0021883718530060214,178,0.0077987812557073835,0.009197753393583558,3,2,0.04468636456967837,0.053586681944379586,0.10899038290293386
0.59,0.8,0.52,-0.275,78,0.03321699054894843,0.04657730040380205,37,0.0036705927650225595,-0.0021883718530060214,178,0.0077987812557073835,0.009197753393583558,3,2,0.04468636456967837,0.053586681944379586,0.10899038290293386
0.61,0.79,0.48,-0.3,80,0.025820752116324987,0.03287773183606518,32,0.01889214543302281,0.0008362921191868503,194,0.015401738290797051,0.006564461311321837,3,3,0.06011463584014485,0.04027848526657387,0.10844881816003349
0.6,0.78,0.55,-0.2,61,0.036591148683078153,0.0416143137540996,18,0.004102496403221072,-0.0015407700190308501,110,0.011010692067854565,0.006691022221325275,3,2,0.05170433715415379,0.04676456595639403,0.10782181630182662
0.62,0.79,0.48,-0.3,76,0.02327534732188688,0.03126725784434897,32,0.01889214543302281,0.0008362921191868503,190,0.018704988968146916,0.006536113334358912,3,3,0.06087248172305661,0.038639663297894734,0.10724007768053029
0.63,0.78,0.55,-0.3,54,0.02794866579251814,0.03883471257335559,18,0.004102496403221072,-0.0015407700190308501,106,0.01819030660611668,0.009743444434668881,3,2,0.05024146880185589,0.047037386988993624,0.10668633318864823
0.63,0.78,0.55,-0.25,54,0.02794866579251814,0.03883471257335559,18,0.004102496403221072,-0.0015407700190308501,106,0.01819030660611668,0.009743444434668881,3,2,0.05024146880185589,0.047037386988993624,0.10668633318864823
0.63,0.78,0.55,-0.275,54,0.02794866579251814,0.03883471257335559,18,0.004102496403221072,-0.0015407700190308501,106,0.01819030660611668,0.009743444434668881,3,2,0.05024146880185589,0.047037386988993624,0.10668633318864823
0.62,0.79,0.55,-0.2,59,0.036836853948987204,0.03637319105024481,20,0.013471725034225002,-0.00542605542605544,116,0.013288306195813032,0.003935488675416342,3,2,0.06359688517902523,0.03488262429960571,0.10545603433855208
0.63,0.8,0.52,-0.3,68,0.043450709726329584,0.028026379345051266,36,0.009215556614396575,-0.004600307878388034,162,0.020851965272899627,0.0024272601419133497,3,2,0.07351823161362578,0.02585333160857658,0.10454222954391768
0.63,0.8,0.52,-0.275,68,0.043450709726329584,0.028026379345051266,36,0.009215556614396575,-0.004600307878388034,162,0.020851965272899627,0.0024272601419133497,3,2,0.07351823161362578,0.02585333160857658,0.10454222954391768
0.61,0.79,0.5,-0.25,72,0.02244214170053268,0.022100953683547496,30,0.02089624024809203,0.0009043425710092562,174,0.01647996526321984,0.014188442438484349,3,3,0.05981834721184455,0.0371937386930411,0.10445083364349386
0.62,0.8,0.48,-0.3,84,0.0324249851810676,0.03665178645739338,40,0.00966102859332027,-0.0020347707847707605,211,0.013717640160823816,0.005769240701460676,3,2,0.05580365393521169,0.040386256374083294,0.10426716158411165
0.63,0.79,0.55,-0.3,58,0.03632634280382794,0.03417081754024562,22,0.016344305052507786,-0.0036254454357902838,121,0.007787335138358248,0.005795229934452757,3,2,0.06045798299469397,0.03634060203890809,0.10406670544138369
0.63,0.79,0.55,-0.25,58,0.03632634280382794,0.03417081754024562,22,0.016344305052507786,-0.0036254454357902838,121,0.007787335138358248,0.005795229934452757,3,2,0.06045798299469397,0.03634060203890809,0.10406670544138369
0.63,0.79,0.55,-0.275,58,0.03632634280382794,0.03417081754024562,22,0.016344305052507786,-0.0036254454357902838,121,0.007787335138358248,0.005795229934452757,3,2,0.06045798299469397,0.03634060203890809,0.10406670544138369
0.63,0.8,0.48,-0.3,82,0.030360570002801235,0.029573285353721238,39,0.013681519885425555,-0.002130470681275462,205,0.016023972148109022,0.008080620112683595,3,2,0.06006606203633581,0.03552343478512937,0.10269418377849106
0.59,0.8,0.48,-0.275,94,0.03214101778119593,0.04052662700461182,40,0.007130578719120401,-0.0020347707847707605,216,0.01111972149103134,0.004317391065407468,3,2,0.05039131799134767,0.04280924728524853,0.1017624147336459
0.62,0.8,0.52,-0.225,66,0.028230644176859963,0.02881555296726611,34,0.01582028857479678,-0.006262555760403597,150,0.02193747747451457,0.006440873940873962,3,2,0.06598841022617132,0.028993871147736473,0.10078105560345507
0.62,0.79,0.5,-0.2,62,0.023344214389728515,0.017538973890275762,25,0.02063475734899438,-0.0032210998877665736,141,0.02475566236622919,0.012065213904729345,3,2,0.06873463410495209,0.026383087907238534,0.10039433959363833
0.6,0.8,0.48,-0.275,91,0.024246775095988223,0.029384305790198594,40,0.007130578719120401,-0.0020347707847707605,210,0.019415251925645062,0.01369987302526987,3,2,0.050792605740753685,0.041049408030697704,0.10005189537759093
0.6,0.8,0.52,-0.275,75,0.03563983371781762,0.036037267434774894,37,0.0036705927650225595,-0.0021883718530060214,172,0.013561493583690062,0.005428278130504026,3,2,0.05287192006653024,0.0392771737122729,0.10000452852125771
0.6,0.8,0.52,-0.3,75,0.03563983371781762,0.036037267434774894,37,0.0036705927650225595,-0.0021883718530060214,172,0.013561493583690062,0.005428278130504026,3,2,0.05287192006653024,0.0392771737122729,0.10000452852125771
0.63,0.8,0.52,-0.225,65,0.026044859636657466,0.03757330425693877,34,0.01582028857479678,-0.006262555760403597,144,0.017335478353586703,0.0025112862611262887,3,2,0.05920062656504095,0.03382203475766146,0.0997870682742347
0.63,0.78,0.55,-0.225,54,0.02794866579251814,0.03883471257335559,18,0.004102496403221072,-0.0015407700190308501,105,0.012520796400101675,0.0063502851362300106,3,2,0.044571958595840885,0.04364422769055475,0.09694503182450659
0.6,0.8,0.55,-0.275,71,0.038757475029211216,0.032675758425295374,29,0.00416405498695914,-0.0028851763028260174,142,0.013037267986864408,0.00425256973814641,3,2,0.055958798003034764,0.03404315186061577,0.09681058023577369
0.6,0.8,0.55,-0.25,71,0.038757475029211216,0.032675758425295374,29,0.00416405498695914,-0.0028851763028260174,142,0.013037267986864408,0.00425256973814641,3,2,0.055958798003034764,0.03404315186061577,0.09681058023577369
0.6,0.8,0.55,-0.3,71,0.038757475029211216,0.032675758425295374,29,0.00416405498695914,-0.0028851763028260174,142,0.013037267986864408,0.00425256973814641,3,2,0.055958798003034764,0.03404315186061577,0.09681058023577369
0.63,0.8,0.52,-0.25,66,0.03779667633700796,0.022323898433764772,36,0.009215556614396575,-0.004600307878388034,157,0.02072407145507884,0.006287945329878898,3,2,0.06773630440648337,0.024011535885255637,0.09655014746879013
0.63,0.8,0.48,-0.25,75,0.03101080763264413,0.031697006984377496,37,0.005228909336523077,-0.0021883718530060214,184,0.016210443403163494,0.006753208559810556,3,2,0.052450160372330704,0.03626184369118203,0.09596437280174913
0.61,0.79,0.55,-0.225,62,0.03288336253738592,0.02537683377188598,22,0.016344305052507786,-0.0036254454357902838,124,0.01422275294778931,0.005318806322710534,3,2,0.06345042053768302,0.02707019465880623,0.0959346541282505
0.62,0.78,0.55,-0.2,55,0.032114223821007044,0.037015382672934534,18,0.004102496403221072,-0.0015407700190308501,106,0.008233404794979873,0.00633550171936962,3,2,0.04445012501920799,0.041810114373273304,0.09462226226713595
0.62,0.79,0.52,-0.3,62,0.02206859928770176,0.01799400955931512,29,0.02657411818727825,-0.0028851763028260174,151,0.02225266494445808,0.004461055333004005,3,2,0.07089538241943809,0.019569888589493108,0.09437924872682982
0.62,0.79,0.52,-0.275,62,0.02206859928770176,0.01799400955931512,29,0.02657411818727825,-0.0028851763028260174,151,0.02225266494445808,0.004461055333004005,3,2,0.07089538241943809,0.019569888589493108,0.09437924872682982
0.61,0.79,0.55,-0.2,62,0.03288336253738592,0.02537683377188598,20,0.013471725034225002,-0.00542605542605544,118,0.009546496636630639,0.011859313937985075,3,2,0.05590158420824156,0.031810092283815615,0.0940736949488203
0.62,0.8,0.48,-0.25,77,0.02891463576402231,0.031237812865428916,38,0.009237971361220468,-0.0028867890914311134,190,0.014373063967939262,0.005948859457631371,3,2,0.05252567109318204,0.03429988323162918,0.09368553097113705
0.61,0.8,0.5,-0.275,83,0.02933012067866672,0.026247697559842686,37,0.005228909336523077,-0.0021883718530060214,198,0.013780855907567745,0.011787139359389347,3,2,0.04833988592275754,0.03584646506622601,0.09135564400222876
0.61,0.79,0.55,-0.275,62,0.03288336253738592,0.02537683377188598,22,0.016344305052507786,-0.0036254454357902838,127,0.009565088179390842,0.005268692592758431,3,2,0.05879275576928455,0.027020080928854127,0.0912168528839095
0.61,0.79,0.55,-0.3,62,0.03288336253738592,0.02537683377188598,22,0.016344305052507786,-0.0036254454357902838,127,0.009565088179390842,0.005268692592758431,3,2,0.05879275576928455,0.027020080928854127,0.0912168528839095
0.61,0.79,0.55,-0.25,62,0.03288336253738592,0.02537683377188598,22,0.016344305052507786,-0.0036254454357902838,127,0.009565088179390842,0.005268692592758431,3,2,0.05879275576928455,0.027020080928854127,0.0912168528839095
0.61,0.8,0.55,-0.225,67,0.030213197338049655,0.034091726250194423,28,-0.0029096549013870876,-4.85722573273506e-17,136,0.016044319081994475,0.005363475894821529,2,2,0.04334786151865704,0.039455202145015904,0.09069410409267613
0.61,0.8,0.5,-0.3,84,0.02752035292749099,0.02772382137994736,38,0.0065472760401460856,-0.0028867890914311134,200,0.014593072783697855,0.008890461390461346,3,2,0.04866070175133493,0.033727493678977594,0.08913369416610804
0.62,0.8,0.55,-0.2,64,0.01667937796948883,0.028783721683171892,26,0.005962518438782927,0.0021368919491016533,126,0.021851313208428973,0.005996788174482744,3,3,0.04449320961670073,0.03691740180675629,0.08879409178480828
0.61,0.8,0.55,-0.275,68,0.042367039411689886,0.02251460298123659,29,0.00416405498695914,-0.0028851763028260174,140,0.01124890832586413,0.004805434864958748,3,2,0.057780002724513155,0.02443486154336932,0.08710183657655635
0.61,0.8,0.55,-0.25,68,0.042367039411689886,0.02251460298123659,29,0.00416405498695914,-0.0028851763028260174,140,0.01124890832586413,0.004805434864958748,3,2,0.057780002724513155,0.02443486154336932,0.08710183657655635
0.61,0.8,0.55,-0.3,68,0.042367039411689886,0.02251460298123659,29,0.00416405498695914,-0.0028851763028260174,140,0.01124890832586413,0.004805434864958748,3,2,0.057780002724513155,0.02443486154336932,0.08710183657655635
0.63,0.8,0.55,-0.275,64,0.03515994630293601,0.027254131921457415,29,0.00416405498695914,-0.0028851763028260174,134,0.012967198801779142,0.0032101140448434276,3,2,0.05229120009167429,0.027579069663474825,0.08538608368784407
0.63,0.8,0.55,-0.25,64,0.03515994630293601,0.027254131921457415,29,0.00416405498695914,-0.0028851763028260174,134,0.012967198801779142,0.0032101140448434276,3,2,0.05229120009167429,0.027579069663474825,0.08538608368784407
0.63,0.8,0.55,-0.3,64,0.03515994630293601,0.027254131921457415,29,0.00416405498695914,-0.0028851763028260174,134,0.012967198801779142,0.0032101140448434276,3,2,0.05229120009167429,0.027579069663474825,0.08538608368784407
0.6,0.8,0.48,-0.3,92,0.022738515616177568,0.030602696293159332,41,0.0048786972726656,-0.006484678717492705,217,0.018229099395915736,0.007506930661410761,3,2,0.045846312284758904,0.031624948237077385,0.08379625016925177
0.62,0.8,0.55,-0.3,65,0.031788002399877585,0.028511633151586505,29,0.00416405498695914,-0.0028851763028260174,138,0.014996052566633715,0.0014437535805999144,3,2,0.05094810995347044,0.027070210429360402,0.08343236246870292
0.62,0.8,0.55,-0.25,65,0.031788002399877585,0.028511633151586505,29,0.00416405498695914,-0.0028851763028260174,138,0.014996052566633715,0.0014437535805999144,3,2,0.05094810995347044,0.027070210429360402,0.08343236246870292
0.62,0.8,0.55,-0.275,65,0.031788002399877585,0.028511633151586505,29,0.00416405498695914,-0.0028851763028260174,138,0.014996052566633715,0.0014437535805999144,3,2,0.05094810995347044,0.027070210429360402,0.08343236246870292
0.63,0.8,0.5,-0.3,79,0.02837828427406605,0.02029817713341356,38,0.0065472760401460856,-0.0028867890914311134,191,0.016593901518359058,0.00641873409488157,3,2,0.051519461832571195,0.023830122136864015,0.08011560839680801
0.63,0.8,0.5,-0.275,78,0.02994620937912021,0.022050105701840676,37,0.005228909336523077,-0.0021883718530060214,189,0.0127741934205413,0.005597722540587609,3,2,0.047949312136184585,0.025459456389422264,0.0785006598034913
0.62,0.8,0.5,-0.275,79,0.025148011352831928,0.015716395786932576,37,0.005228909336523077,-0.0021883718530060214,195,0.016754994626045072,0.008906917653212054,3,2,0.04713191531540008,0.02243494158713861,0.07405384521996641
0.63,0.8,0.48,-0.275,81,0.022032280366637763,0.02728131536945068,38,0.00608793329016509,-0.0028867890914311134,198,0.008299070298328486,0.002175942161148886,3,2,0.03641928395513134,0.02657046843916845,0.06830384608213348
0.62,0.8,0.55,-0.225,64,0.01667937796948883,0.028783721683171892,28,-0.0029096549013870876,-4.85722573273506e-17,134,0.015712185028993,0.001935183503905931,2,2,0.029481908097094743,0.030718905187077775,0.06634459432158807
0.62,0.8,0.5,-0.3,80,0.01613827506405635,0.014835415356248709,38,0.0065472760401460856,-0.0028867890914311134,197,0.01418854433807333,0.005976504338225441,3,2,0.03687409544227577,0.017925130603043037,0.05838425216592741
